ID	Title	URL	Version	Word count	OWE	SPURIOUS	SPECIFIC	LETTER	ROUNDUP	NON-UK EDITION	NON-ENGLISH	VIDEO	NON-DISRUPTIVE OWE	OWE_FOCUSSED	PASSES_SCREENING
BBC_2021-11-14_Cop26-Why-were	Cop26: Why were there so few arrests at climate protests?	https://www.bbc.com/news/uk-scotland-59235091	original	1117	Yes	No	Yes	No	No	No	No	No	No	Unused	Yes
BBC_2023-01-16_Climate-hactivists-subvert	Climate hactivists subvert Bristol Billboards with spoof ads	https://www.bbc.com/news/uk-england-bristol-64264251	original	328	Yes	No	Yes	No	No	No	No	No	No	Unused	Yes
BBC_2021-06-16_Euro-2020-	Euro 2020 - France 1-0 Germany: Several in hospital after parachute protest	https://www.bbc.com/sport/football/57488478	original	324	Yes	No	Yes	No	No	No	No	No	No	Unused	Yes
BBC_2020-09-04_Extinction-Rebellion-More	Extinction Rebellion: More than 300 arrested at London climate protests	https://www.bbc.com/news/uk-england-london-54021889	original	217	Yes	No	Yes	No	No	No	No	No	No	Unused	Yes
BBC_2021-07-16_Extinction-Rebellion-protesters	Extinction Rebellion protesters guilty of obstructing highway	https://www.bbc.com/news/uk-england-beds-bucks-herts-57864459	original	297	Yes	No	Yes	No	No	No	No	No	No	Unused	Yes
BBC_2021-10-30_Edinburgh-warned-to	Edinburgh warned to prepare for COP26 disruption	https://www.bbc.com/news/uk-scotland-edinburgh-east-fife-59097289	original	707	No	No	No	No	No	No	No	No	No	Unused	No
BBC_2022-05-16_Greenpeace-activists-in	Greenpeace activists in Essex arrested blocking oil tanker	https://www.bbc.com/news/uk-england-essex-61463454	original	357	Yes	No	Yes	No	No	No	No	No	No	Unused	Yes
BBC_2021-11-18_Extinction-Rebellion-Summer	Extinction Rebellion: Summer protests cost Met £18m to police	https://www.bbc.com/news/uk-england-devon-59333761	original	280	Yes	No	Yes	No	No	No	No	No	No	Unused	Yes
BBC_2021-11-01_COP26-Glasgows-UN	COP26: Glasgow's UN climate conference opens with key speeches	https://www.bbc.com/news/uk-scotland-59118835	original	712	No	No	No	No	No	No	No	No	No	Unused	No
BBC_2021-09-24_Extinction-Rebellion-Paralympian	Extinction Rebellion: Paralympian James Brown jailed for plane glue stunt	https://www.bbc.com/news/uk-england-london-58678274	original	467	Yes	No	Yes	No	No	No	No	No	No	Unused	Yes
BBC_2021-03-14_Sarah-Everard-What	Sarah Everard: What went wrong at the Clapham vigil?	https://www.bbc.com/news/uk-56394344	original	1182	No	No	No	No	No	No	No	No	No	Unused	No
BBC_2021-09-27_Insulate-Britain-M25	Insulate Britain: M25 targeted near Heathrow as activists stage protest	https://www.bbc.com/news/uk-england-london-58704508	original	373	Yes	No	Yes	No	No	No	No	No	No	Unused	Yes
BBC_2022-10-30_Do-not-intervene	Do not intervene with Just Stop Oil protests, Met urges	https://www.bbc.com/news/uk-england-london-63445355	original	391	Yes	No	Yes	No	No	No	No	No	No	Unused	Yes
BBC_2022-04-30_Just-Stop-Oil	Just Stop Oil protests: Four charged over M25 services damage	https://www.bbc.com/news/uk-england-surrey-61280289	original	159	Yes	No	Yes	No	No	No	No	No	No	Unused	Yes
BBC_2022-04-09_French-election-Whos	French election: Who's challenging Emmanuel Macron for the presidency?	https://www.bbc.com/news/world-europe-59900131	original	2139	No	No	No	No	No	No	No	No	No	Unused	No
BBC_2021-06-01_Hamble-BP-oil	Hamble BP oil terminal entrance blocked by protesters	https://www.bbc.com/news/uk-england-hampshire-57318154	original	443	Yes	No	Yes	No	No	No	No	No	No	Unused	Yes
BBC_2023-04-14_King-Charles-III	King Charles III: Man guilty of York egg-throwing charge	https://www.bbc.com/news/uk-england-york-north-yorkshire-65276668	original	631	No	No	No	No	No	No	No	No	No	Unused	No
BBC_2021-02-03_Whitehaven-coal-mine	Whitehaven coal mine opposition provokes real anger, mayor says	https://www.bbc.com/news/uk-england-cumbria-55917464	original	322	No	No	No	No	No	No	No	No	No	Unused	No
BBC_2021-12-03_Cambo-Jobs-warning	Cambo: Jobs warning as Shell pulls out of oil field development	https://www.bbc.com/news/uk-scotland-north-east-orkney-shetland-59517776	original	1005	No	No	No	No	No	No	No	No	No	Unused	No
BBC_2021-10-28_COP26-protesters-planning	COP26 protesters planning high-impact disruption	https://www.bbc.com/news/uk-scotland-59071603	original	637	Yes	No	Yes	No	No	No	No	No	No	Unused	Yes
BBC_2022-04-14_What-is-Extinction	What is Extinction Rebellion and what does it want?	https://www.bbc.com/news/uk-48607989	original	599	Yes	No	Yes	No	No	No	No	No	No	Unused	Yes
BBC_2021-11-04_COP26-protesters-march	COP26 protesters march on Glasgow defence firm	https://www.bbc.com/news/uk-scotland-59167425	original	507	No	No	Yes	No	No	No	No	No	No	Unused	No
BBC_2021-09-18_Climate-change-Should	Climate change: Should green campaigners put more pressure on China to slash emissions?	https://www.bbc.com/news/science-environment-58584976	original	1057	Yes	No	Yes	No	No	No	No	No	No	Unused	Yes
BBC_2021-08-25_From-Rhondda-to	From Rhondda to Greenham and the US Supreme Court	https://www.bbc.com/news/uk-wales-58318646	original	1404	No	No	Yes	No	No	No	No	No	No	Unused	No
BBC_2021-08-23_Extinction-Rebellion-erects	Extinction Rebellion erects table in Covent Garden	https://www.bbc.com/news/uk-england-london-58306278	original	360	Yes	No	Yes	No	No	No	No	No	No	Unused	Yes
BBC_2021-11-15_Drax-train-protester	Drax train protester released on bail	https://www.bbc.com/news/articles/c411ygg2xvzo	original	151	Yes	No	Yes	No	No	No	No	No	No	Unused	Yes
BBC_2022-11-11_Just-Stop-Oil	Just Stop Oil: M25 protests to be halted	https://www.bbc.com/news/uk-england-essex-63594641	original	535	Yes	No	Yes	No	No	No	No	No	No	Unused	Yes
BBC_2021-10-02_Farnborough-Airport-entrances	Farnborough Airport entrances blocked by protesters	https://www.bbc.com/news/uk-england-hampshire-57858103	original	300	Yes	No	Yes	No	No	No	No	No	No	Unused	Yes
BBC_2021-07-14_EU-unveils-sweeping	EU unveils sweeping climate change plan	https://www.bbc.com/news/world-europe-57833807	original	867	No	No	No	No	No	No	No	No	No	Unused	No
BBC_2022-04-26_Just-Stop-Oil	Just Stop Oil protests: Protesters breach Kingsbury Oil terminal injunction	https://www.bbc.com/news/uk-england-coventry-warwickshire-61230980	original	345	Yes	No	Yes	No	No	No	No	No	No	Unused	Yes
BBC_2022-10-29_Angry-drivers-remove	Angry drivers remove Just Stop Oil protesters from London roads	https://www.bbc.com/news/uk-england-london-63441031	original	284	Yes	No	Yes	No	No	No	No	No	No	Unused	Yes
BBC_2021-01-29_Euston-tunnel-protest	Euston tunnel protest: The activist who celebrated her 17th birthday in jail	https://www.bbc.com/news/uk-england-london-55848795	original	1132	Yes	No	Yes	No	No	No	No	No	No	Unused	Yes
BBC_2022-10-18_Police-remove-and	Police remove and arrest M25 Dartford Crossing protesters	https://www.bbc.com/news/uk-england-essex-63296648	original	729	Yes	No	Yes	No	No	No	No	No	No	Unused	Yes
BBC_2022-06-22_Just-Stop-Oil	Just Stop Oil: Activists says they have 'a duty to protest'	https://www.bbc.com/news/newsbeat-61635328	original	914	Yes	No	Yes	No	No	No	No	No	No	Unused	Yes
BBC_2023-04-21_London-Marathon-2023	London Marathon 2023: Everything you need to know about this year's race	https://www.bbc.com/sport/athletics/65309945	original	1116	No	No	No	No	No	No	No	No	No	Unused	No
BBC_2023-04-21_The-surprising-science	The surprising science of climate protests	https://www.bbc.com/future/article/20230421-earth-day-the-science-of-climate-change-protest	original	1702	Yes	No	Yes	No	No	No	No	No	No	Unused	Yes
BBC_2021-11-11_COP26-Cautious-welcome	COP26: Cautious welcome for unexpected US-China climate agreement	https://www.bbc.com/news/science-environment-59243434	original	600	No	No	No	No	No	No	No	No	No	Unused	No
BBC_2021-06-24_Glastonbury-cancellation-big	Glastonbury cancellation 'big hit' for Greenpeace	https://www.bbc.com/news/uk-england-somerset-57580710	original	647	No	No	No	No	No	No	No	No	No	Unused	No
BBC_2021-11-08_COP26-Fewer-than	COP26: Fewer than 50 arrests during the summit to date	https://www.bbc.com/news/uk-scotland-59205778	original	472	Yes	No	Yes	No	No	No	No	No	No	Unused	Yes
BBC_2023-02-21_The-toxic-legacy	The toxic legacy of the Ukraine war	https://www.bbc.com/future/article/20230221-the-toxic-legacy-of-the-ukraine-war	original	2782	No	No	No	No	No	No	No	No	No	Unused	No
BBC_2023-02-08_Just-Stop-Oil	Just Stop Oil activists fined for damaging Last Supper	https://www.bbc.com/news/uk-england-london-64566239	original	186	Yes	No	Yes	No	No	No	No	No	No	Unused	Yes
BBC_2020-09-20_GM-crops-The	GM crops: The Greenpeace activists who risked jail to destroy a field of maize	https://www.bbc.com/news/uk-england-norfolk-54162239	original	1109	Yes	No	Yes	No	No	No	No	No	No	Unused	Yes
BBC_2022-06-07_Boris-Johnson-confidence	Boris Johnson confidence vote: 'They care only about their own interests'	https://www.bbc.com/news/uk-england-nottinghamshire-61720630	original	611	No	No	Yes	No	No	No	No	No	No	Unused	No
BBC_2022-11-14_Barclays-Birmingham-branch	Barclays Birmingham branch defaced in climate change protest	https://www.bbc.com/news/uk-england-birmingham-63624312	original	365	Yes	No	Yes	No	No	No	No	No	No	Unused	Yes
BBC_2023-04-16_The-fishy-business	The fishy business of a Chinese factory in The Gambia	https://www.bbc.com/news/world-africa-65204179	original	1456	No	No	No	No	No	No	No	No	No	Unused	No
BBC_2022-09-28_Nord-Stream-leaks	Nord Stream leaks: Sabotage to blame, says EU	https://www.bbc.com/news/world-europe-63057966	original	501	No	No	No	No	No	No	No	No	No	Unused	No
BBC_2022-10-24_Madame-Tussauds-Protesters	Madame Tussauds: Protesters throw cake on King Charles waxwork	https://www.bbc.com/news/entertainment-arts-63374080	original	296	Yes	No	Yes	No	No	No	No	No	No	Unused	Yes
BBC_2022-07-20_Just-Stop-Oil	Just Stop Oil: Protesters force sections of M25 to be closed	https://www.bbc.com/news/uk-england-surrey-62236268	original	571	Yes	No	Yes	No	No	No	No	No	No	Unused	Yes
The-Guardian_2023-01-31_Greenpeace-protesters-board	Greenpeace protesters board Shell platform bound for Shetland	https://www.theguardian.com/environment/2023/jan/31/greenpeace-protesters-board-shell-platform-bound-for-shetland	original	876	Yes	No	Yes	No	No	No	No	No	No	Unused	Yes
The-Guardian_2022-06-02_Animal-Rebellion-protesters	Animal Rebellion protesters arrested at platinum jubilee celebrations – video	https://www.theguardian.com/uk-news/video/2022/jun/02/animal-rebellion-protesters-arrested-platinum-jubilee-celebrations-video	original	73	Yes	No	Yes	No	No	No	No	Yes	No	Unused	No
The-Guardian_2021-02-08_Balloon-test-flight	Balloon test flight plan under fire over solar geoengineering fears	https://www.theguardian.com/environment/2021/feb/08/solar-geoengineering-test-flight-plan-under-fire-over-environmental-concerns-aoe	original	1012	No	No	No	No	No	No	No	No	No	Unused	No
The-Guardian_2021-06-18_Coffee-brought-to	Coffee brought to you by coal: a week in the life of Australia’s acting prime minister	https://www.theguardian.com/australia-news/2021/jun/19/coffee-brought-to-you-by-coal-a-week-in-the-life-of-australias-acting-prime-minister	original	732	No	No	No	No	No	No	No	No	No	Unused	No
The-Guardian_2022-10-15_It-was-terrifying	‘It was terrifying’: Stop Oil activists on the new battle against fossil fuel	https://www.theguardian.com/environment/2022/oct/15/it-was-terrifying-stop-oil-activists-on-the-new-battle-against-fossil-fuel	original	1879	Yes	No	Yes	No	No	No	No	No	No	Unused	Yes
The-Guardian_2022-10-19_Do-we-really	Do we really care more about Van Gogh’s sunflowers than real ones?	https://www.theguardian.com/commentisfree/2022/oct/19/van-gogh-sunflowers-just-stop-oil-tactics	original	1136	Yes	No	Yes	No	No	No	No	No	No	Unused	Yes
The-Guardian_2020-11-16_Increase-in-burning	Increase in burning of plastic 'driving up emissions from waste disposal'	https://www.theguardian.com/environment/2020/nov/16/increase-in-burning-of-plastic-driving-up-emissions-from-waste-disposal	original	684	No	No	No	No	No	No	No	No	No	Unused	No
The-Guardian_2021-09-22_Russia-forest-fire	Russia forest fire damage worst since records began, says Greenpeace	https://www.theguardian.com/world/2021/sep/22/russia-forest-fire-damage-worst-since-records-began-says-greenpeace	original	498	No	No	No	No	No	No	No	No	No	Unused	No
The-Guardian_2020-11-03_Embarrassing-Denmark-forced	‘Embarrassing’: Denmark forced to U-turn on meat ban for state canteens	https://www.theguardian.com/environment/2020/nov/03/embarrassing-denmark-forced-to-u-turn-on-meat-ban-for-state-canteens	original	613	No	No	No	No	No	No	No	No	No	Unused	No
The-Guardian_2023-01-19_Spoof-billboard-ads	Spoof billboard ads take aim at BMW and Toyota over ‘going green’ claims	https://www.theguardian.com/environment/2023/jan/19/spoof-billboard-ads-take-aim-at-bmw-and-toyota-over-going-green-claims	original	790	Yes	No	Yes	No	No	No	No	No	No	Unused	Yes
The-Guardian_2020-09-01_Police-arrest-dozens	Police arrest dozens of Extinction Rebellion protesters in London	https://www.theguardian.com/environment/2020/sep/01/extinction-rebellion-plan-two-weeks-of-disruption-as-parliament-returns	original	685	Yes	No	Yes	No	No	No	No	No	No	Unused	Yes
The-Guardian_2022-03-23_UN-mission-must	UN mission must see coral bleaching to get ‘whole picture’ of Great Barrier Reef, experts say	https://www.theguardian.com/environment/2022/mar/24/un-mission-must-see-coral-bleaching-to-get-whole-picture-of-great-barrier-reef-experts-say	original	939	No	No	No	No	No	No	No	No	No	Unused	No
The-Guardian_2021-03-01_Billionaire-hedge-fund	Billionaire hedge fund boss pays himself UK record of £343m	https://www.theguardian.com/business/2021/mar/01/billionaire-hedge-fund-boss-pays-himself-uk-record-of-343m-chris-hohn	original	582	No	No	No	No	No	No	No	No	No	Unused	No
The-Guardian_2021-09-27_Climate-activists-block	Climate activists block M25 for sixth time in fortnight over insulation	https://www.theguardian.com/environment/2021/sep/27/climate-activists-block-m25-for-sixth-time-in-fortnight-over-insulation	original	700	Yes	No	Yes	No	No	No	No	No	No	Unused	Yes
The-Guardian_2021-07-14_Englands-footballers-speak	England’s footballers speak for the new generation better than any politician	https://www.theguardian.com/commentisfree/2021/jul/14/england-footballers-new-generation-britain-progressive-young-	original	953	No	No	No	No	No	No	No	No	No	Unused	No
The-Guardian_2021-12-31_2021-a-year	2021: a year of climate crisis in review	https://www.theguardian.com/environment/2021/dec/31/2021-a-year-of-climate-crisis-in-review	original	2756	No	No	Yes	No	No	No	No	No	No	Unused	No
The-Guardian_2023-01-26_UK-climate-minister	UK climate minister received donations from fuel and aviation companies	https://www.theguardian.com/politics/2023/jan/26/uk-climate-minister-received-donations-fuel-aviation-companies	original	989	No	No	No	No	No	No	No	No	No	Unused	No
The-Guardian_2021-10-31_They-would-walk	They would walk 500 miles: meet the Cop26 pilgrims who got to Glasgow on foot	https://www.theguardian.com/environment/2021/oct/31/they-would-walk-500-miles-meet-the-cop26-pilgrims-who-got-to-glasgow-on-foot-aoe	original	1634	No	No	No	No	No	No	No	No	No	Unused	No
The-Guardian_2022-10-06_Thursday-briefing-How	Thursday briefing: How food prices and the climate crisis brought famine to Somalia once more	https://www.theguardian.com/world/2022/oct/06/first-edition-somalia-famine-climate-crisis	original	2340	Yes	No	Yes	No	Yes	No	No	No	No	Unused	No
The-Guardian_2021-12-10_Work-on-Cambo	Work on Cambo oilfield paused after Shell withdrawal	https://www.theguardian.com/uk-news/2021/dec/10/work-on-cambo-oilfield-paused-after-shell-withdrawal	original	725	Yes	No	Yes	No	No	No	No	No	No	Unused	Yes
Daily-Mail_2023-01-22_Leftwing-activists-slam	Left-wing activists slam Ryan Gosling's movie The Fall Guy for closing down Sydney Harbour Bridge - after climate protester was sent to jail for eight months for blocking the expressway	https://www.dailymail.co.uk/tvshowbiz/article-11662245/Ryan-Gosling-shuts-Sydney-Harbour-Bridge-Climate-activists-revolt.html	original	620	Yes	No	Yes	No	No	Yes	No	No	No	Unused	No
Daily-Mail_2022-10-04_EXCLUSIVE-I-was	EXCLUSIVE 'I was just trying to get to work!' Rob Beckett is mistaken for Stop The Oil ringleader after hapless comic is caught up in rowdy eco-protest while racing to a London studio	https://www.dailymail.co.uk/tvshowbiz/article-11278049/Rob-Beckett-mistaken-Stop-Oil-ringleader.html	original	554	Yes	No	Yes	No	No	No	No	No	No	Unused	Yes
Daily-Mail_2022-10-17_Legal-fees-vicar	Legal fees, vicar? Reverend, 63, who was jailed for Just Stop Oil protest outside fuel terminal - breaking a court injunction - launches fundraiser to pay £2,000 bill	https://www.dailymail.co.uk/news/article-11323157/Reverend-63-launches-fundraiser-pay-2-000-bill-jail-time-Just-Stop-Oil-protests.html	original	616	Yes	No	Yes	No	No	No	No	No	No	Unused	Yes
Daily-Mail_2021-09-27_Chaos-at-airports	Chaos at airports continues as infuriated passengers at Heathrow AND Stansted face queues of over an hour while passport control desks remain SHUT	https://www.dailymail.co.uk/news/article-10032765/Chaos-airports-continues-infuriated-passengers-face-queues.html	original	1616	Yes	No	Yes	No	No	No	No	No	No	Unused	Yes
Daily-Mail_2021-09-02_Secret-plan-to	Secret plan to move Britain's nukes abroad: MoD planners have proposed moving Trident to France or America if Scotland becomes independent	https://www.dailymail.co.uk/news/article-9951491/MoD-planners-proposed-moving-Trident-France-America-Scotland-independent.html	original	1130	No	No	No	No	No	No	No	No	No	Unused	No
Daily-Mail_2020-09-08_Priti-Patel-brands	Priti Patel brands Extinction Rebellion protesters 'eco-crusaders turned criminals' as she vows crackdown on 'guerrilla tactics'	https://www.dailymail.co.uk/news/article-8710589/Priti-Patel-lashes-Extinction-Rebellion-protesters.html	original	430	Yes	No	Yes	No	No	No	No	No	No	Unused	Yes
Daily-Mail_2022-06-07_Coming-full-circle	Coming full circle! Vogue photographer who took birthday photo of Harry and Meghan's daughter Lilibet ALSO took their pregnancy announcement snaps, 'helped introduce them' and won acclaim for BLM photos	https://www.dailymail.co.uk/femail/article-10890839/Photographer-took-photos-Lilibets-birthday-helped-introduce-Meghan-Harry.html	original	1659	No	Yes	No	No	No	No	No	No	No	Unused	No
Daily-Mail_2021-07-03_BBC-deletes-GCSE	BBC deletes GCSE revision guide that listed the UPSIDE of climate change after fury from environmental activists	https://www.dailymail.co.uk/news/article-9752227/BBC-Bitzesize-GCSE-revision-guides-list-POSITIVE-impacts-climate-change-removed.html	original	682	Yes	No	No	No	No	No	No	No	No	Unused	Yes
Daily-Mail_2021-09-10_Fury-over-Cressida	Fury over Cressida Dick's two more years as head of Met Police: 'Bitterly disappointed' Tory MP Harvey Proctor leads backlash after Priti Patel confirmed Scotland Yard chief will stay in post until April 2024	https://www.dailymail.co.uk/news/article-9977717/Cressida-Dick-stay-Scotland-Yard-chief-April-2024.html	original	1720	No	No	No	No	No	No	No	No	No	Unused	No
Daily-Mail_2023-02-07_GMB-crew-set	GMB crew set Susanna Reid up for ANOTHER awkward gaffe - after claims she was left 'furious over a string of embarrassing errors' on the news show	https://www.dailymail.co.uk/tvshowbiz/article-11720621/GMB-crew-set-Susanna-Reid-awkward-gaffe.html	original	862	No	Yes	No	No	No	No	No	No	No	Unused	No
Daily-Mail_2021-09-22_Insulate-Britain-rabble	Insulate Britain rabble revealed: Convicted heroin dealer who sickened veterans with Cenotaph demo, vicar 'protesting for God', 'brickie' with £1m properties and teacher married to ex-BBC bigwig are among the usual suspects bringing misery by closing M25	https://www.dailymail.co.uk/news/article-10018513/Heroin-dealer-sickened-veterans-Cenotaph-demo-Insulate-Britain-rabble.html	original	5220	Yes	No	Yes	No	No	No	No	No	No	Unused	Yes
Daily-Mail_2021-03-26_Stroud-in-Gloucestershire	Stroud in Gloucestershire is named UK’s best place to live as judges hail town’s ‘unique independent spirt’ – but does where YOU live make the list?	https://www.dailymail.co.uk/news/article-9405699/Stroud-Gloucestershire-named-UKs-best-place-live-judges-hail-towns-independent-spirt.html	original	1046	No	No	No	No	Yes	No	No	No	No	Unused	No
Daily-Mail_2021-09-19_Ringleader-of-Insulate	Ringleader of Insulate Britain's M25 eco mob 'lives in house that uses gas central heating, is single glazed and has no insulation in cavity walls'	https://www.dailymail.co.uk/news/article-10006191/Ringleader-Insulate-Britains-M25-eco-mob-lives-house-no-cavity-wall-insulation.html	original	1204	Yes	No	Yes	No	No	No	No	No	No	Unused	Yes
Daily-Mail_2021-07-16_Six-Extinction-Rebellion	Six Extinction Rebellion protestors are let off with £150 slap on the wrists for blockading national newspaper printing press in demo that stopped 3.5m papers reaching readers	https://www.dailymail.co.uk/news/article-9795167/Extinction-Rebellion-protestors-convicted-blockading-national-newspaper-printing-press.html	original	1035	Yes	No	Yes	No	No	No	No	No	No	Unused	Yes
Daily-Mail_2023-04-10_Thats-the-way	That's the way to deal with them! Dramatic moment security guards wrestle two Just Stop Oil activists to the floor after they leapt over barricades in failed bid to stage stunt at Dippy the dinosaur exhibit in Coventry	https://www.dailymail.co.uk/news/article-11956903/Two-Just-Stop-Oil-activists-leap-barricades-Coventry-museum-bid-stage-eco-protest.html	original	791	Yes	No	Yes	No	No	No	No	No	No	Unused	Yes
Daily-Mail_2023-04-24_Furious-activists-risk	Furious activists risk being run over as they stage a dramatic motor sport protest - but one unbelievable mistake has made them a LAUGHING STOCK	https://www.dailymail.co.uk/sport/othersports/article-12005937/The-horror-error-climate-change-activists-motor-sport-protest-Formula-E-electric-car-race.html	original	353	Yes	No	Yes	No	No	No	No	No	No	Unused	Yes
Daily-Mail_2021-08-21_SARAH-VINE-How	SARAH VINE: How amoral Love Island is taking us back to the Dark Ages	https://www.dailymail.co.uk/debate/article-9915397/SARAH-VINE-amoral-Love-Island-taking-Dark-Ages.html	original	1176	No	No	No	No	No	No	No	No	No	Unused	No
Daily-Mail_2023-04-21_Judge-throws-the	Judge throws the book at Just Stop Oil protesters: Eco activists who scaled a bridge over the Dartford Crossing and caused 40 HOURS of gridlock are jailed for five years in record sentence for climate action	https://www.dailymail.co.uk/news/article-11999669/Just-Stop-Oil-protesters-scaled-bridge-Dartford-Crossing-bridge-caused-gridlock-jailed.html	original	1258	Yes	No	Yes	No	No	No	No	No	No	Unused	Yes
Daily-Mail_2022-10-09_Extinction-Rebellion-protesters	Extinction Rebellion protesters GLUE their hands to a priceless Picasso triggering a mass evacuation at one of Australia's biggest galleries	https://www.dailymail.co.uk/news/article-11295885/Extinction-Rebellion-protesters-glue-hands-Picasso-painting-National-Gallery-Victoria.html	original	602	Yes	No	Yes	No	No	Yes	No	No	No	Unused	No
Daily-Mail_2021-10-11_Greenpeace-campaigners-erect	Greenpeace campaigners erect 12ft oil-spattered statue of Boris Johnson in Downing Street as they call on PM to block permit for new oilfield	https://www.dailymail.co.uk/news/article-10080029/Greenpeace-campaigners-erect-12ft-oil-spattered-statue-Boris-Johnson-Downing-Street.html	original	1182	Yes	No	Yes	No	No	No	No	No	No	Unused	Yes
Sky_2023-04-17_Just-Stop-Oil	Just Stop Oil protesters arrested after halting play at World Snooker Championship	https://news.sky.com/story/just-stop-oil-protesters-stop-play-at-world-snooker-championship-12859678	original	407	Yes	No	Yes	No	No	No	No	No	No	Unused	Yes
Sky_2022-07-05_Climate-protesters-glue	Climate protesters glue themselves to John Constable masterpiece	https://news.sky.com/story/climate-protesters-glue-themselves-to-john-constable-masterpiece-12646033	original	564	Yes	No	Yes	No	No	No	No	No	No	Unused	Yes
Sky_2021-10-01_Insulate-Britain-activists	Insulate Britain activists arrested on motorways during tenth day of protests in three weeks	https://news.sky.com/story/insulate-britain-activists-block-part-of-two-motorways-in-tenth-day-of-protests-12422771	original	602	Yes	No	Yes	No	No	No	No	No	No	Unused	Yes
Sky_2022-10-17_Dartford-Crossings-QE2	Dartford Crossing's QE2 bridge closed by Just Stop Oil protesters	https://news.sky.com/story/dartford-crossing-bridge-closed-as-just-stop-oil-stages-protest-12722791	original	427	Yes	No	Yes	No	No	No	No	No	No	Unused	Yes
Sky_2022-06-15_Government-keeps-coal	Government keeps coal power station open to boost security, in spite of lobbying to 'consign coal to history'	https://news.sky.com/story/government-keeps-coal-power-station-open-to-boost-security-in-spite-of-lobbying-to-consign-coal-to-history-12633856	original	446	No	No	No	No	No	No	No	No	No	Unused	No
Sky_2022-05-11_Queens-Speech-Priti	Queen's Speech: Priti Patel accuses Labour MPs of defending 'murderers, paedophiles, rapists, thugs' in debate on law and order	https://news.sky.com/story/queens-speech-priti-patel-accuses-labour-mps-of-defending-murderers-paedophiles-rapists-thugs-in-debate-on-law-and-order-12610562	original	855	Yes	No	Yes	No	No	No	No	No	No	Unused	Yes
Sky_2021-09-13_M25-traffic-78	M25 traffic: 78 arrested and drivers delayed after climate activists block parts of motorway in rush hour	https://news.sky.com/story/m25-traffic-drivers-warned-to-avoid-parts-of-motorway-as-climate-protesters-block-slip-roads-12406944	original	518	Yes	No	Yes	No	No	No	No	No	No	Unused	Yes
Sky_2022-11-22_Just-Stop-Oil	Just Stop Oil activist compares himself to Martin Luther King in court	https://news.sky.com/story/just-stop-oil-activist-compares-himself-to-martin-luther-king-in-court-12753452	original	494	Yes	No	Yes	No	No	No	No	No	No	Unused	Yes
Sky_2022-11-10_Just-Stop-Oil	Just Stop Oil protester defends M25 disruption: 'Birds are falling out of the sky, pensioners are dying'	https://news.sky.com/story/just-stop-oil-protester-defends-m25-disruption-birds-are-falling-out-of-the-sky-pensioners-are-dying-12743962	original	407	Yes	No	Yes	No	No	No	No	No	No	Unused	Yes
Sky_2021-08-31_COP26-Police-to	COP26: Police to receive public order training ahead of Glasgow climate summit	https://news.sky.com/story/cop26-police-to-receive-public-order-training-ahead-of-glasgow-climate-summit-12395633	original	534	No	No	No	No	No	No	No	No	No	Unused	No
Sky_2022-04-28_Climate-protesters-Just	Climate protesters Just Stop Oil damage petrol pumps at motorway service stations - more than 20 arrested	https://news.sky.com/story/climate-protesters-just-stop-oil-damage-petrol-pumps-at-motorway-service-stations-20-arrested-by-surrey-police-12600602	original	298	Yes	No	Yes	No	No	No	No	No	No	Unused	Yes
Sky_2021-09-29_Insulate-Britain-Eleven	Insulate Britain: Eleven more protesters arrested after blocking M25 for seventh time despite injunction	https://news.sky.com/story/insulate-britain-eleven-more-protesters-arrested-after-blocking-m25-for-seventh-time-despite-injunction-12421098	original	357	Yes	No	Yes	No	No	No	No	No	No	Unused	Yes
Sky_2022-04-02_Climate-change-activists	Climate change activists enter tunnels as they block access to Essex oil terminals	https://news.sky.com/story/climate-change-activists-enter-tunnels-as-they-block-access-to-essex-oil-terminals-12580239	original	497	Yes	No	Yes	No	No	No	No	No	No	Unused	Yes
Sky_2021-10-28_Extinction-Rebellion-British	Extinction Rebellion: British Olympians among protesters in Hampshire oil refinery blockade and break-in	https://news.sky.com/story/extinction-rebellion-protesters-break-into-hampshire-oil-refinery-and-scale-silos-12453019	original	407	Yes	No	Yes	No	No	No	No	No	No	Unused	Yes
Sky_2022-11-07_Just-Stop-Oil	Just Stop Oil protesters force parts of M25 to shut as activists scale motorway gantries	https://news.sky.com/story/just-stop-oil-protesters-force-parts-of-m25-to-shut-as-activists-scale-motorway-gantries-12740633	original	771	Yes	No	Yes	No	No	No	No	No	No	Unused	Yes
Metro_2022-04-10_Extinction-Rebellion-block	Extinction Rebellion block bridges as protest chaos returns to London	https://metro.co.uk/2022/04/10/extinction-rebellion-block-bridges-as-protest-chaos-returns-to-london-16441700/	original	850	Yes	No	Yes	No	No	No	No	No	No	Unused	Yes
Metro_2021-04-23_Extinction-Rebellion-protesters	Extinction Rebellion protesters cleared by jury despite ‘no defence in law’	https://metro.co.uk/2021/04/23/extinction-rebellion-protesters-cleared-despite-no-defence-in-law-14464046/	original	610	Yes	No	Yes	No	No	No	No	No	No	Unused	Yes
Metro_2022-07-05_Gary-Lineker-and	Gary Lineker and Martin Brundle clash over British Grand Prix protestors	https://metro.co.uk/2022/07/05/f1-gary-lineker-and-martin-brundle-clash-over-british-gp-protestors-16947657/	original	428	Yes	No	Yes	No	No	No	No	No	No	Unused	Yes
Metro_2022-07-04_Climate-protesters-glue	Climate protesters glue themselves to National Gallery masterpiece	https://metro.co.uk/2022/07/04/london-climate-protesters-glue-themselves-to-national-gallery-painting-16941155/	original	577	Yes	No	Yes	No	No	No	No	No	No	Unused	Yes
Metro_2021-09-23_This-Morning-viewers	This Morning viewers flummoxed as activist appears naked in fight against climate change: ‘Is her bare bottom on that sofa?’	https://metro.co.uk/2021/09/23/this-morning-guest-appears-naked-in-fight-against-climate-change-15304398/	original	678	Yes	No	Yes	No	No	No	No	No	No	Unused	Yes
Metro_2022-07-05_Protesters-glue-themselves	Protesters glue themselves to The Last Supper painting at Royal Academy	https://metro.co.uk/2022/07/05/protesters-glue-themselves-to-the-last-supper-painting-at-royal-academy-16944605/	original	381	Yes	No	Yes	No	No	No	No	No	No	Unused	Yes
Metro_2021-08-23_Extinction-Rebellion-block	Extinction Rebellion block London road with giant table as two weeks of protests begin	https://metro.co.uk/2021/08/23/extinction-rebellion-block-london-road-with-giant-table-as-two-weeks-of-protests-begin-15135307/	original	513	Yes	No	Yes	No	No	No	No	No	No	Unused	Yes
Metro_2022-04-08_Tower-Bridge-closed	Tower Bridge closed after Extinction Rebellion abseils off sides to hang banner	https://metro.co.uk/2022/04/08/tower-bridge-closed-after-extinction-rebellion-abseils-off-sides-to-hang-banner-16428516/	original	440	Yes	No	Yes	No	No	No	No	No	No	Unused	Yes
Metro_2021-03-02_Boss-with-UKs	Boss with UK’s biggest salary of £343,000,000 – that’s £940,000 a day	https://metro.co.uk/2021/03/02/hedge-fund-boss-takes-home-uks-biggest-ever-salary-of-343-million-14174462/	original	286	No	No	No	No	No	No	No	No	No	Unused	No
Sun_2021-10-28_NAKED-TRUTH-Topless	NAKED TRUTH Topless Extinction Rebellion protester goes TOTALLY nude in Downing Street protest	https://www.thesun.co.uk/news/16565724/topless-extinction-rebellion-protester-totally-nude-downing-street-protest/	original	357	Yes	No	Yes	No	No	No	No	No	No	Unused	Yes
Sun_2021-09-23_BARE-NECESSITIES-Who	BARE NECESSITIES Who is OnlyFans model Laura Amherst?	https://www.thesun.co.uk/news/16221167/laura-amherst-who-onlyfans-extinction-rebellion/	original	400	Yes	No	Yes	No	No	No	No	No	No	Unused	Yes
Sun_2020-11-05_SIMON-SAYS-Who	SIMON SAYS Who is Simon Stevens and what is the NHS England CEO’s salary?	https://www.thesun.co.uk/news/6257337/simon-stevens-nhs-salary/	original	290	No	Yes	No	No	No	No	No	No	No	Unused	No
Sun_2021-10-18_ROAD-RAGE-Dramatic	ROAD RAGE Dramatic moment furious motorist in Range Rover drives into Insulate Britain protesters blocking the road	https://www.thesun.co.uk/news/16459499/drives-into-insulate-britain-protesters-blocking/	original	437	Yes	No	Yes	No	No	No	No	No	No	Unused	Yes
Sun_2021-09-13_ROAD-TO-HELL	ROAD TO HELL M25 traffic: More than 90 Extinction Rebellion-style eco-warriors arrested after causing FIVE hours of queues	https://www.thesun.co.uk/news/16122394/m25-traffic-extinction-rebellion-five-hours-queues/	original	591	Yes	No	Yes	No	No	No	No	No	No	Unused	Yes
Sun_2022-11-07_LOVEDUP-Just-Stop	LOVED-UP Just Stop Oil ‘mastermind’ Roger Hallam pledged to ‘organise the coming revolution’ with lover half his age	https://www.thesun.co.uk/news/20354737/eco-mob-just-stop-oil-roger-hallam-lover/	original	485	Yes	No	Yes	No	No	No	No	No	No	Unused	Yes
Sun_2021-06-10_WATCHFUL-EYE-Britains	WATCHFUL EYE Britain’s newest £3.3bn aircraft carrier keeps watch in Carbis Bay ahead of Biden’s showdown with Boris Johnson	https://www.thesun.co.uk/news/15226008/aircraft-carrier-carbis-bay-johnson-biden/	original	1039	No	No	No	No	No	No	No	No	No	Unused	No
Sun_2023-01-10_JUST-STOP-TAKING	JUST STOP TAKING CASH Sir Keir Starmer urged to return £360k of donations from eco-warrior bankrolling Just Stop Oil	https://www.thesun.co.uk/news/21003556/keir-starmer-360k-donations-just-stop-oil/	original	245	Yes	No	Yes	No	No	No	No	No	No	Unused	Yes
Sun_2023-02-09_WOKE-UP-What	WOKE UP What does being woke mean? Definition and meaning explained	https://www.thesun.co.uk/news/10760207/woke-meaning-definition/	original	728	No	No	No	No	No	No	No	No	No	Unused	No
Telegraph_2021-11-27_Keira-Knightley-Its	Keira Knightley: 'It's impossible to be liked by everyone'	https://www.telegraph.co.uk/films/0/keira-knightley-impossible-liked-everyone/	original	2488	No	No	No	No	No	No	No	No	No	Unused	No
Telegraph_2022-05-09_The-Queen-to	The Queen to miss State Opening of Parliament for first time in nearly 60 years	https://www.telegraph.co.uk/royal-family/2022/05/09/queen-miss-state-opening-parliament/	original	1250	Yes	No	Yes	No	No	No	No	No	No	Unused	Yes
Telegraph_2021-10-08_Insulate-Britain-protester	Insulate Britain protester Cameron Ford admits 'I'm not perfect' after photos emerge of his 10,000-mile holiday	https://www.telegraph.co.uk/news/2021/10/07/not-perfect-says-insulate-britain-protester-photos-emerge-10000/	original	527	Yes	No	Yes	No	No	No	No	No	No	Unused	Yes
Telegraph_2022-10-16_Just-Stop-Oil	Just Stop Oil protesters spray paint over Aston Martin showroom and block Park Lane	https://www.telegraph.co.uk/news/2022/10/16/just-stop-oil-protesters-throw-paint-aston-martin-showroom-block/	original	705	Yes	No	Yes	No	No	No	No	No	No	Unused	Yes
Telegraph_2021-02-13_I-wont-rest	‘I won’t rest until my daughter is safe and out of that tunnel’	https://www.telegraph.co.uk/news/2021/02/13/wont-rest-daughter-safe-tunnel/	original	1698	Yes	No	Yes	No	No	No	No	No	No	Unused	Yes
Telegraph_2020-10-03_Sir-David-Attenborough	Sir David Attenborough: 'I've been talking about this for 30 years... and nobody’s taken any notice'	https://www.telegraph.co.uk/men/thinking-man/sir-david-attenborough-talking-30-years-nobodys-taken-notice/	original	3709	No	No	Yes	No	No	No	No	No	No	Unused	No
Telegraph_2022-01-18_Toffs-behaving-badly	Toffs behaving badly: how the ‘Filthy Fulfords’ cleaned up	https://www.telegraph.co.uk/tv/0/toffs-behaving-badly-filthy-fulfords-cleaned/	original	1278	No	No	No	No	No	No	No	No	No	Unused	No
Telegraph_2021-06-20_Chris-Packham-hits	Chris Packham hits back at claims of long-haul 'eco-hypocrisy' in clash with Lord Botham	https://www.telegraph.co.uk/news/2021/06/20/chris-packham-accused-hypocrisy-lord-botham-backing-xr-long/	original	852	Yes	No	Yes	No	No	No	No	No	No	Unused	Yes
Telegraph_2022-05-16_Keir-Starmer-would	Keir Starmer would be admitting total defeat if he joined a silly 'progressive pact'	https://www.telegraph.co.uk/news/2022/05/16/keir-starmer-would-admitting-total-defeat-joined-silly-progressive/	original	877	No	No	No	No	No	No	No	No	No	Unused	No
The-Times_2022-04-15_Just-Stop-Oil	Just Stop Oil protester: I don’t care if I’m the most hated man in Britain — I’ll ruin my life to give others a future	https://www.thetimes.com/uk/environment/article/just-stop-oil-protester-i-dont-care-if-im-the-most-hated-man-in-britain-ill-ruin-my-life-to-give-others-a-future-vpd0v3cxk	original	1300	Yes	No	Yes	No	No	No	No	No	No	Unused	Yes
The-Times_2021-08-23_Officers-mobilised-as	Officers mobilised as Extinction Rebellion protests kick off in Trafalgar Square	https://www.thetimes.com/uk/article/officers-mobilised-as-extinction-rebellion-protests-kick-off-in-trafalgar-square-bc2d7ns02	original	969	Yes	No	Yes	No	No	No	No	No	No	Unused	Yes
The-Times_2021-03-10_Longer-jail-terms	Longer jail terms don’t stop crime, admits Chris Philp, justice minister	https://www.thetimes.com/uk/law/article/longer-jail-terms-dont-stop-crime-admits-chris-philp-justice-minister-g2jz9s8ng	original	552	Yes	No	No	No	No	No	No	No	No	Unused	Yes
The-Times_2021-04-16_The-Lorax-review	The Lorax review — this stripped-back musical falls flat	https://www.thetimes.com/culture/theatre-dance/article/the-lorax-review-this-stripped-back-musical-falls-flat-t2wnhwl3p	original	442	No	No	No	No	No	No	No	No	No	Unused	No
The-Times_2020-12-11_Laurence-Fox-on	Laurence Fox on his anti-woke party, racism rows and why he needs a bodyguard	https://www.thetimes.com/uk/politics/article/laurence-fox-on-his-anti-woke-party-racism-rows-and-why-he-needs-a-bodyguard-2m9bz2jvh	original	3594	No	No	No	No	No	No	No	No	No	Unused	No
The-Times_2021-09-25_Chaos-This-is	Chaos? This is nothing, warns Cambridge graduate who brought M25 to standstill	https://www.thetimes.com/uk/crime/article/chaos-this-is-nothing-warns-cambridge-graduate-who-brought-m25-to-standstill-cw2pzlfpm	original	928	Yes	No	Yes	No	No	No	No	No	No	Unused	Yes
The-Times_2022-07-28_Inside-Jack-Harries	Inside Jack Harries and Alice Aedy’s pad in Hackney, east London	https://www.thetimes.com/uk/article/inside-jack-harries-and-alice-aedys-pad-in-hackney-east-london-t09whjwl0	original	1098	No	No	No	No	No	No	No	No	No	Unused	No
The-Times_2021-02-01_Roc-Sandford-fears	Roc Sandford fears for his children Blue and Lazer in HS2 tunnel protest	https://www.thetimes.com/uk/transport/article/laird-fears-for-his-children-in-hs2-protest-bdbc6w3zr	original	932	Yes	No	Yes	No	No	No	No	No	No	Unused	Yes
Mirror_2021-08-21_Greenham-Common-40	Greenham Common 40 years on - when ordinary women drove nuclear weapons out of UK	https://www.mirror.co.uk/news/uk-news/greenham-common-40-years-ordinary-24809222	original	1074	No	No	Yes	No	No	No	No	No	No	Unused	No
Mirror_2021-10-04_Extinction-Rebellion-founder	Extinction Rebellion founder admits he would block ambulance carrying dying patient	https://www.mirror.co.uk/news/uk-news/extinction-rebellion-founder-admits-would-25136898	original	770	Yes	No	Yes	No	No	No	No	No	No	Unused	Yes
Mirror_2021-09-03_Topless-Extinction-Rebellion	Topless Extinction Rebellion activist vows to go on 'boob world tour' for climate change	https://www.mirror.co.uk/news/uk-news/topless-extinction-rebellion-activist-vows-24893295	original	560	Yes	No	Yes	No	No	No	No	No	No	Unused	Yes
Mirror_2022-11-20_Coronation-Street-star	Coronation Street star claims ITV soap 'could be axed in 10 years' as fans get 'fed up'	https://www.mirror.co.uk/tv/tv-news/coronation-street-star-claims-itv-28541060	original	401	No	No	No	No	No	No	No	No	No	Unused	No
Mirror_2022-04-03_LBC-chaos-as	LBC chaos as Just Stop Oil protester glues himself to microphone and refuses to leave	https://www.mirror.co.uk/3am/celebrity-news/breaking-lbc-chaos-protester-glues-26623335	original	548	Yes	No	Yes	No	No	No	No	No	No	Unused	Yes
Mirror_2023-04-20_Barry-Hearn-set	Barry Hearn set to SUE Just Stop Oil activist who covered snooker table in orange dust	https://www.mirror.co.uk/sport/other-sports/snooker/snooker-worldchampionships-juststopoil-orange-powder-29764927	original	547	Yes	No	Yes	No	No	No	No	No	No	Unused	Yes
Mirror_2020-11-11_Extinction-Rebellion-put	Extinction Rebellion put climate change banner and wreath at Cenotaph on Remembrance Day	https://www.mirror.co.uk/news/uk-news/breaking-extinction-rebellion-put-climate-22990863	original	825	Yes	No	Yes	No	No	No	No	No	No	Unused	Yes
Mirror_2021-03-22_Why-are-there	Why are there riots in Bristol? 'Kill the Bill' protest explained after police clashes	https://www.mirror.co.uk/news/uk-news/riots-bristol-kill-bill-protest-23771885	original	1573	Yes	No	Yes	No	No	No	No	No	No	Unused	Yes
ITV_2021-11-03_COP26-Arrests-made	COP26: Arrests made as Extinction Rebellion block roads and protest outside Glasgow banks	https://www.itv.com/news/2021-11-03/cop26-extinction-rebellion-block-roads-and-protest-outside-banks-in-glasgow	original	711	Yes	No	Yes	No	No	No	No	No	No	Unused	Yes
ITV_2021-05-01_Nine-arrested-after	Nine arrested after thousands gather in London at May Day 'Kill The Bill' protest in anger at proposed policing bill	https://www.itv.com/news/2021-05-01/may-day-kill-the-bill-protesters-gather-in-london-in-anger-at-proposed-policing-bill	original	582	Yes	No	Yes	No	No	No	No	No	No	Unused	Yes
ITV_2021-06-02_G7-Summit-Cornwall	G7 Summit Cornwall: XR apologises to people of Falmouth ahead of protests	https://www.itv.com/news/westcountry/2021-06-02/g7-summit-cornwall-xr-apologises-to-people-of-falmouth-ahead-of-protests	original	507	Yes	No	Yes	No	No	No	No	No	No	Unused	Yes
ITV_2022-07-01_Climate-activists-glue	Climate activists glue themselves to Vincent Van Gogh oil painting at London gallery	https://www.itv.com/news/london/2022-07-01/climate-activists-glue-themselves-to-van-gogh-oil-painting-at-london-gallery	original	399	Yes	No	Yes	No	No	No	No	No	No	Unused	Yes
ITV_2022-11-12_Liquid-death-giant	'Liquid death' giant engine oil fountain sculpture unveiled in Bristol	https://www.itv.com/news/westcountry/2022-11-12/liquid-death-giant-engine-oil-fountain-sculpture-unveiled-in-bristol	original	346	No	No	No	No	No	No	No	No	No	Unused	No
