ID	Title	URL	Version	Word count	OWE	SPURIOUS	SPECIFIC	LETTER	ROUNDUP	NON-UK EDITION	NON-ENGLISH	VIDEO	NON-DISRUPTIVE OWE	OWE_FOCUSSED	OWE_SPECIFIC_LLM	OWE_SPECIFIC_HUMAN	PASSES_SCREENING	PASSES_SCREENING_SPECIFIC
Metro_None_I-thought-I-had	I thought I had food poisoning – it took 4 days to realise it was a heart attack	https://metro.co.uk/2023/10/14/i-thought-i-had-food-poisoning-it-was-a-heart-attack-19621478/	original	1312	No	Yes	No	No	No	No	No	No	No	Unused	No		No	No
Daily-Mail_2024-02-14_BBCs-Chris-Packham	BBC's Chris Packham tells court he 'selectively' supports Just Stop Oil while appearing as witness in trial of activist who scaled M25 gantry	https://www.dailymail.co.uk/news/article-13083377/BBCs-Chris-Packham-tells-court-selectively-supports-Just-Stop-Oil-appearing-witness-trial-activist-scaled-M25-gantry.html	original	692	Yes	No	Yes	No	No	No	No	No	No	Unused	Yes	Owe specific	Yes	Yes
Metro_None_Elon-Musk-is-cosplaying	Elon Musk is cosplaying as Jewish. But no Jew would do what he has done	https://metro.co.uk/2024/01/23/elon-musk-cos-playing-jewish-no-jew-done-20160275/	original	1239	No	Yes	Yes	No	No	No	No	No	No	Unused	No		No	No
The-Guardian_2024-02-18_Nakedpersononbus-is-surprisingly	‘Naked-person-on-bus is surprisingly common’: meet the cool-headed controllers who really run the country	https://www.theguardian.com/uk-news/2024/feb/18/meet-the-cool-headed-controllers-who-really-run-the-country	original	2888	No	No	Yes	No	No	No	No	No	No	Unused	No		No	No
BBC_2024-07-21_Fined-for-yellow-and	Fined for yellow and blue shoes: How Russian laws smother dissent	https://www.bbc.com/news/articles/cw4yv7nv8xlo	original	945	No	Yes	No	No	No	No	No	No	No	Unused	No		No	No
BBC_2025-01-24_Russia-suffering-environmental-catastrophe	Russia suffering 'environmental catastrophe' after oil spill in Kerch Strait	https://www.bbc.com/news/articles/c23ngk5vgmpo	original	1015	No	No	No	No	No	No	No	No	No	Unused	No		No	No
The-Guardian_2025-01-25_I-was-jailed-for	I was jailed for four years for a non-violent climate protest – this is my prison diary	https://www.theguardian.com/environment/2025/jan/25/just-stop-oil-jailed-four-years-non-violent-climate-protest-prison-diary	original	4547	Yes	No	Yes	No	No	No	No	No	No	Unused	Yes	Owe unspecific	Yes	No
Telegraph_2024-06-13_Its-very-personal-Vivienne	‘It’s very personal’: Vivienne Westwood’s husband on auctioning her wardrobe	https://www.telegraph.co.uk/fashion/news/vivienne-westwood-andreas-kronthaler-auction-christies/	original	1054	No	No	Yes	No	No	No	No	No	No	Unused	No		No	No
Daily-Mail_2023-10-11_Labour-sells-Sparkle	Labour sells 'Sparkle With Starmer' t-shirt for £20 after Sir Keir is covered in glitter by a protester at his keynote conference speech	https://www.dailymail.co.uk/news/article-12617171/Labour-sells-Sparkle-Starmer-t-shirt-20-Sir-Keir-covered-glitter-protester-keynote-conference-speech.html	original	569	Yes	No	Yes	No	No	No	No	No	No	Unused	No	Owe specific	Yes	Yes
Metro_None_Unable-to-cope-with	Unable to cope with my diabetes diagnosis, I tried to take my life	https://metro.co.uk/2023/11/21/unable-cope-diabetes-diagnosis-tried-take-life-19848495/	original	1782	No	Yes	No	No	No	No	No	No	No	Unused	No		No	No
The-Guardian_2023-10-25_Fossil-fuel-firms	Fossil fuel firms spent millions on US lawmakers who sponsored anti-protest bills	https://www.theguardian.com/us-news/2023/oct/25/fossil-fuel-company-donate-lawmakers-anti-protest-exxon-koch	original	1076	Yes	No	Yes	No	No	No	No	No	No	Unused	No	Owe unspecific	Yes	No
BBC_2024-08-15_Activists-plead-not-guilty	Activists plead not guilty to spray painting jet	https://www.bbc.com/news/articles/ce8d4d7910do	original	225	Yes	No	Yes	No	No	No	No	No	No	Unused	Yes	Owe specific	Yes	Yes
The-Times_2023-11-27_Climate-activists-glue-50	Climate activists glue 50 Barclays branches shut	https://www.thetimes.com/business-money/economics/article/climate-activists-glue-50-barclays-branches-shut-sxnk3g60v	original	437	Yes	No	Yes	No	No	No	No	No	No	Unused	Yes	Owe specific	Yes	Yes
Sky_2024-08-20_London-City-Airport	London City Airport loses bid to overturn Saturday flight restrictions - but passenger cap raised	https://news.sky.com/story/london-city-airport-loses-bid-to-overturn-saturday-flight-restrictions-but-passenger-cap-raised-13200042	original	667	No	No	No	No	No	No	No	No	No	Unused	No		No	No
Daily-Mail_2024-06-23_Climate-change-protestors	Climate change protestors disrupt Travelers Championship after storming 18th green before crucial Scottie Scheffler putt	https://www.dailymail.co.uk/sport/golf/article-13560869/travelers-championship-climate-change-protestors-pga-tour.html	original	839	Yes	No	Yes	No	No	No	No	No	No	Unused	Yes	Owe specific	Yes	Yes
BBC_2024-06-22_Newspaper-headlines-Slip-N	Newspaper headlines: 'Slip N Slide incident' and Stonehenge drama	https://www.bbc.com/news/articles/cp44lqz1l70o	original	504	Yes	No	Yes	No	Yes	No	No	No	No	Unused	No		No	No
BBC_None_More-arrests-after-protest	More arrests after protest at power station	https://www.bbc.com/news/articles/c1ed4g28pngo	original	133	Yes	No	Yes	No	No	No	No	No	No	Unused	Yes	Owe specific	Yes	Yes
Metro_None_I-gave-a-speech	I gave a speech – and found myself interviewed by the police	https://metro.co.uk/2025/07/11/spoke-palestine-came-police-interrogation-23638263/	original	1146	No	No	Yes	No	No	No	No	No	No	Unused	No		No	No
Metro_None_Irritating-protesters-try-to	Irritating protesters try to spoil world’s most eligible bachelor’s wedding	https://metro.co.uk/2024/06/07/worlds-eligible-bachelor-no-longer-eligible-20991951/	original	568	Yes	No	Yes	No	No	No	No	No	No	Unused	Yes	Owe specific	Yes	Yes
BBC_2024-12-17_Climate-groups-to-back	Climate groups to back M25 protesters' jail appeal	https://www.bbc.com/news/articles/cvgmnpv71xmo	original	360	Yes	No	Yes	No	No	No	No	No	No	Unused	Yes	Owe specific	Yes	Yes
Daily-Mail_2024-07-06_Greta-Thunberg-is	Greta Thunberg is taken away by police as they fire water cannon at demonstrators protesting against fossil fuels in the Netherlands	https://www.dailymail.co.uk/news/article-13607173/Greta-Thunberg-police-water-cannon-Netherlands.html	original	357	Yes	No	Yes	No	No	No	No	No	No	Unused	Yes	Owe specific	Yes	Yes
Daily-Mail_2023-10-17_Greta-Thunberg-20	Greta Thunberg, 20, arrested by police at Fossil Free London protest after blocking entrance to luxury hotel hosting oil bosses	https://www.dailymail.co.uk/news/article-12639153/Greta-Thunberg-joins-hundreds-eco-warriors-central-London-protest-activists-bang-drums-chant-oily-oily-money-out.html	original	1861	Yes	No	Yes	No	No	No	No	No	No	Unused	Yes	Owe specific	Yes	Yes
Telegraph_2024-10-02_The-most-important-person	The most important person in entertainment – that you’ve never heard of	https://www.telegraph.co.uk/films/2024/10/02/meet-nina-gold-who-discovers-britains-acting-talent/	original	3008	No	Yes	No	No	No	No	No	No	No	Unused	No		No	No
Metro_None_Teenager-drowns-in-front	Teenager drowns in front of classmates on school trip to beach	https://metro.co.uk/2024/07/02/boy-17-drowns-front-classmates-trip-west-wittering-beach-21149113/	original	291	No	Yes	No	No	No	No	No	No	No	Unused	No		No	No
BBC_2024-09-25_Legal-challenge-to-Rosebank	Legal challenge to Rosebank oil field given go-ahead	https://www.bbc.com/news/articles/cx2m8zn95x1o	original	641	Yes	No	No	No	No	No	No	No	No	Unused	No	Not even owe	Yes	No
The-Guardian_None_A-look-into-the	‘A look into the future’: TV drama about Danish climate refugees divides opinion	https://www.theguardian.com/world/2025/jan/03/families-like-ours-tv-drama-about-danish-climate-refugees-divides-opinion	original	864	No	No	No	No	No	No	No	No	No	Unused	No		No	No
Telegraph_2025-06-30_British-manufacturing-could-disappear	British manufacturing could disappear for good under Labour	https://www.telegraph.co.uk/business/2025/06/30/british-manufacturing-dying-labour/	original	1008	No	No	Yes	No	No	No	No	No	No	Unused	No		No	No
Daily-Mail_2023-12-05_Melbourne-Climate-protesters	Melbourne: Climate protesters issue chilling threat to cause peak hour chaos EVERY morning and afternoon this week	https://www.dailymail.co.uk/news/article-12829637/Melbourne-Climate-protesters-issue-chilling-threat-cause-peak-hour-chaos-morning-afternoon-week.html	original	327	Yes	No	Yes	No	No	No	No	No	No	Unused	Yes	Owe but fails other criteria	Yes	No
Daily-Mail_2024-06-18_Will-he-be	'Will he be eating crisps next?' Fans' fury after Gary Lineker is accused of flouting BBC advertising rules by 'wearing pale green Next T-shirt from his own collection'... after saying he has to AVOID colour on MOTD	https://www.dailymail.co.uk/news/article-13541589/fury-gary-lineker-flouts-bbc-advertising-rule-wearing-16-shirt-euro-2024.html	original	1216	No	Yes	Yes	No	No	No	No	No	No	Unused	No		No	No
The-Guardian_2024-01-02_Climate-crisis-2023	Climate crisis: 2023 was UK’s second-hottest year on record	https://www.theguardian.com/environment/2024/jan/02/climate-crisis-2023-was-uks-second-hottest-on-record	original	556	No	No	No	No	No	No	No	No	No	Unused	No		No	No
The-Guardian_2023-12-06_US-plastic-bag-recycling	US plastic bag recycling directory site taken down after ‘abysmal failure’	https://www.theguardian.com/us-news/2023/dec/06/plastic-bag-recycling-directory-disabled	original	768	No	No	No	No	No	No	No	No	No	Unused	No		No	No
The-Times_2025-07-18_Palestine-Action-activist-wore	Palestine Action activist wore £6,000 gown to debutante ball	https://www.thetimes.com/uk/crime/article/tatler-palestine-action-georgie-robertson-h8p3mjrq9	original	1073	Yes	No	Yes	No	No	No	No	No	No	Unused	No	Not even owe	Yes	No
BBC_2024-09-27_Activists-throw-soup-on	Activists throw soup on Van Gogh painting again	https://www.bbc.com/news/articles/c243v5m0r0lo	original	285	Yes	No	Yes	No	No	No	No	No	No	Unused	Yes	Owe specific	Yes	Yes
The-Guardian_None_I-Love-Russia	I Love Russia by Elena Kostyuchenko review – reportage at its best	https://www.theguardian.com/books/2023/oct/17/i-love-russia-by-elena-kostyuchenko-review-ukraine-war-journalism-novaya-gazeta	original	977	No	Yes	No	No	No	No	No	No	No	Unused	No		No	No
The-Guardian_2023-10-19_Greta-Thunberg-joins	Greta Thunberg joins second climate protest in London this week	https://www.theguardian.com/environment/2023/oct/19/greta-thunberg-joins-second-climate-protest-in-london-this-week	original	514	Yes	No	Yes	No	No	No	No	No	No	Unused	Yes	Not even owe	Yes	No
Metro_None_I-thought-it-was	I thought it was a normal job interview. Then he pulled out my mugshot	https://metro.co.uk/2024/01/11/prison-18-years-now-just-want-work-20017322/	original	1316	No	Yes	No	No	No	No	No	No	No	Unused	No		No	No
BBC_2024-07-24_Ten-Just-Stop-Oil	Ten Just Stop Oil activists arrested at Heathrow	https://www.bbc.com/news/articles/c2502nj7ynqo	original	321	Yes	No	Yes	No	No	No	No	No	No	Unused	Yes	Owe specific	Yes	Yes
Daily-Mail_2024-06-07_Duke-of-Westminster	Duke of Westminster and new bride Olivia Henson invite 400 guests for lavish bash featuring lemon wedding cake at Eaton Hall - the stately country pile where his family have lived for 600 years	https://www.dailymail.co.uk/news/article-13506501/duke-westminster-bride-olivia-henson-wedding-reception-400-guests.html	original	1398	Yes	No	Yes	No	No	No	No	No	No	Unused	No	Not even owe	Yes	No
BBC_2024-07-28_Why-Just-Stop-Oils	Why Just Stop Oil's long jail sentences could embolden some activists	https://www.bbc.com/news/articles/c3g9yrdkwrwo	original	1012	Yes	No	Yes	No	No	No	No	No	No	Unused	No	Owe unspecific	Yes	No
Telegraph_2025-01-27_Labourbacking-green-tycoon-poised	Labour-backing green tycoon poised for £25m payday from oil-rich UAE	https://www.telegraph.co.uk/business/2025/01/27/labour-backing-green-tycoon-25m-payday-oil-rich-uae/	original	910	No	No	No	No	No	No	No	No	No	Unused	No		No	No
The-Guardian_2025-04-04_Ukraine-war-briefing-Kyiv	Ukraine war briefing: Kyiv solving its troop shortages, says top US general in Europe	https://www.theguardian.com/world/2025/apr/04/ukraine-war-briefing-kyiv-solving-its-troop-shortages-says-top-us-general-in-europe	original	975	No	Yes	No	No	Yes	No	No	No	No	Unused	No		No	No
Daily-Mail_2024-01-19_Where-will-Sadiq	Where will Sadiq Khan find £123m to freeze Tube fares? London Mayor is accused of making 'magic money tree promises' in an election year as he pledges not to raise TfL ticket costs	https://www.dailymail.co.uk/news/article-12982101/Tube-fares-freeze-Transport-London-Underground-buses-Sadiq-Khan-election.html	original	1385	No	Yes	No	No	No	No	No	No	No	Unused	No		No	No
Daily-Mail_2025-06-28_The-witchcraft-artist-the	The witchcraft artist, the Christian anarchist and the daughter of an NHS surgeon behind Palestine Action's plot to attack more RAF bases - as ringleaders 'have 150 targets in their sights'	https://www.dailymail.co.uk/news/article-14857085/witchcraft-artist-anarchist-daughter-NHS-surgeon-Palestine-Action.html	original	1692	No	Yes	Yes	No	No	No	No	No	No	Unused	No		No	No
Metro_None_Aldi-has-rolled-out	Aldi has rolled out a major change to how it sells this popular crisp item	https://metro.co.uk/2024/06/20/aldi-makes-major-change-popular-snack-21070619/	original	537	No	No	Yes	No	No	No	No	No	No	Unused	No		No	No
Daily-Mail_2024-02-27_Love-Islands-Curtis	Love Island's Curtis Pritchard believes show will include gay contestants in the future after bosses said it will always be a 'straight' series	https://www.dailymail.co.uk/tvshowbiz/article-13131791/Love-Islands-Curtis-Pritchard-believes-include-gay-contestants-future-bosses-said-straight-series.html	original	1102	No	Yes	Yes	No	No	No	No	No	No	Unused	No		No	No
Telegraph_2024-09-29_Activists-throw-soup-on	Activists throw soup on British embassy in Berlin over Just Stop Oil sentences	https://www.telegraph.co.uk/world-news/2024/09/29/activists-soup-just-stop-oil-berlin-van-gogh/	original	303	Yes	No	Yes	No	No	No	No	No	No	Unused	No	Owe specific	Yes	Yes
Daily-Mail_2023-11-15_Grinning-Greta-Thunberg	Grinning Greta Thunberg is forced to make a run for it as she is mobbed outside court after denying public order offence	https://www.dailymail.co.uk/news/article-12751761/greta-thunberg-swedish-climate-campaigner-court-public-order-charge-crowds-eco-protesters-outside.html	original	1035	Yes	No	Yes	No	No	No	No	No	No	Unused	Yes	Owe specific	Yes	Yes
Telegraph_2025-08-26_Labour-donor-Dale-Vince	Labour donor Dale Vince has £3.5m contracts with Sadiq Khan	https://www.telegraph.co.uk/politics/2025/08/26/labour-donor-dale-vince-has-35m-contracts-with-sadiq-khan/	original	403	No	No	No	No	No	No	No	No	No	Unused	No		No	No
ITV_2024-06-22_Just-Stop-Oil	Just Stop Oil protesters refused bail after denying Stansted Airport jets paint attack	https://www.itv.com/news/anglia/2024-06-22/climate-protestors-denied-bail-after-alleged-jet-spray-paint-attack	original	325	Yes	No	Yes	No	No	No	No	No	No	Unused	Yes	Owe specific	Yes	Yes
Telegraph_2025-03-20_Greenpeace-hit-with-660m	Greenpeace hit with $660m damages bill over oil pipeline protest	https://www.telegraph.co.uk/us/news/2025/03/20/greenpeace-pay-millions-dakota-oil-pipeline-protest/	original	258	Yes	No	Yes	No	No	No	No	No	No	Unused	Yes	Owe specific	Yes	Yes
The-Guardian_2024-12-11_Britain-leads-the-world	Britain leads the world in cracking down on climate activism, study finds	https://www.theguardian.com/environment/2024/dec/11/britain-leads-the-world-in-cracking-down-on-climate-activism-study-finds	original	734	Yes	No	Yes	No	No	No	No	No	No	Unused	No	Owe unspecific	Yes	No
The-Guardian_None_Sadiq-Khans-green	Sadiq Khan’s green credentials may be critical in London mayoral election	https://www.theguardian.com/politics/2024/apr/27/sadiq-khan-environment-london-mayoral-election	original	876	No	No	No	No	No	No	No	No	No	Unused	No		No	No
Daily-Mail_2024-04-06_Greta-Thunberg-is	Greta Thunberg is detained twice by Dutch police during protest over fossil fuel in The Hague - as a video shows the moment two burly cops dump the Swedish climate activist on a coach	https://www.dailymail.co.uk/news/article-13279395/Greta-Thunberg-detained-Dutch-police-protest-fossil-fuel-Hague-coach.html	original	611	Yes	No	Yes	No	No	No	No	No	No	Unused	Yes	Owe specific	Yes	Yes
Daily-Mail_2023-11-11_Met-Police-says	Met Police says deepfake audio of Sadiq Khan 'dismissing Remembrance Day commemorations' is 'not a crime'	https://www.dailymail.co.uk/news/article-12738309/met-police-sadiq-khan-deepfake-audio-remembrance-day-not-crime.html	original	647	No	No	Yes	No	No	No	No	No	No	Unused	No		No	No
The-Guardian_None_TV-tonight-gothic	TV tonight: gothic classic rises from the dead with fresh bite	https://www.theguardian.com/tv-and-radio/2023/oct/12/tv-tonight-gothic-classic-rises-from-the-dead-with-fresh-bite	original	352	No	No	Yes	No	Yes	No	No	No	No	Unused	No		No	No
The-Times_2024-05-18_Arrested-in-our-80s	Arrested in our 80s over Magna Carta: meet the Just Stop Oil pensioners	https://www.thetimes.com/uk/environment/article/arrested-in-our-80s-over-magna-carta-meet-just-stop-oils-pensioners-r2qhz9mn7	original	950	Yes	No	Yes	No	No	No	No	No	No	Unused	Yes	Owe specific	Yes	Yes
The-Guardian_2024-01-09_Poland-to-halt-logging	Poland to halt logging in 10 of its most ancient forests	https://www.theguardian.com/world/2024/jan/09/poland-to-halt-logging-in-10-of-its-most-ancient-forests	original	412	No	No	No	No	No	No	No	No	No	Unused	No		No	No
Daily-Mail_2024-04-01_The-best-and	The best (and worst!) April Fools' Day pranks of all time: From Big Ben going digital to a bountiful Swiss spaghetti harvest - so did you fall for any?	https://www.dailymail.co.uk/femail/article-13259171/April-fools-best-worst-pranks.html	original	1758	No	No	Yes	No	Yes	No	No	No	No	Unused	No		No	No
Metro_None_Woman-uses-asparagus-to	Woman uses asparagus to predict the future – but how accurate was she for 2023?	https://metro.co.uk/2023/12/28/woman-uses-asparagus-predict-future-accurate-2023-20032678/	original	1618	No	Yes	Yes	No	No	No	No	No	No	Unused	No		No	No
Daily-Mail_2023-10-25_Could-my-marriage	Could my marriage survive driving 1,000 miles to Italy in an electric car? Her friends said she was mad - and after days of range anxiety, charging in the rain and a war over the air con, DAISY GOODWIN realised they might have had a point!	https://www.dailymail.co.uk/femail/article-12671991/Could-marriage-survive-driving-1-000-miles-Italy-electric-car-friends-said-mad-days-range-anxiety-charging-rain-war-air-DAISY-GOODWIN-realised-point.html	original	1885	No	No	Yes	No	No	No	No	No	No	Unused	No		No	No
Telegraph_2024-09-27_Just-Stop-Oil-protesters	Just Stop Oil protesters who threw soup on Van Gogh painting jailed	https://www.telegraph.co.uk/news/2024/09/27/just-stop-oil-van-gogh-painting-jail/	original	232	Yes	No	Yes	No	No	No	No	No	No	Unused	Yes	Owe specific	Yes	Yes
The-Guardian_2024-06-19_Oceans-group-takes	Oceans group takes UK government to court over oil and gas licences	https://www.theguardian.com/environment/article/2024/jun/19/oceans-group-takes-uk-government-to-court-over-oil-and-gas-licences	original	403	No	No	No	No	No	No	No	No	Yes	Unused	No		No	No
BBC_2024-09-06_Greens-now-mainstream-says	Greens 'now mainstream', says first MP in region	https://www.bbc.com/news/articles/cq829x0evkwo	original	668	No	No	Yes	No	No	No	No	No	No	Unused	No		No	No
Telegraph_2025-06-30_How-Glastonbury-lost-the	How Glastonbury lost the plot	https://www.telegraph.co.uk/music/news/how-glastonbury-lost-the-plot/	original	1884	No	No	No	No	No	No	No	No	No	Unused	No		No	No
BBC_2024-09-27_Activists-jailed-for-throwing	Activists jailed for throwing soup on Sunflowers	https://www.bbc.com/news/articles/cly7zy3d3exo	original	489	Yes	No	Yes	No	No	No	No	No	No	Unused	Yes	Owe specific	Yes	Yes
The-Guardian_2023-12-04_Police-make-630	Police make 630 arrests of climate protesters in London in one month	https://www.theguardian.com/world/2023/dec/04/police-arrest-climate-protesters-london	original	1173	Yes	No	Yes	No	No	No	No	No	No	Unused	No	Owe specific	Yes	Yes
Daily-Mail_2024-06-20_Is-nothing-sacred	Is nothing sacred to the eco clowns? After world heritage site Stonehenge is vandalised by Just Stop Oil, Rishi Sunak challenges major Labour donor who backed extremist group	https://www.dailymail.co.uk/news/article-13548643/world-heritage-site-Stonehenge-vandalised-Just-Stop-Oil-Rishi-Sunak-Labour.html	original	705	Yes	No	Yes	No	No	No	No	No	No	Unused	Yes	Owe specific	Yes	Yes
Sky_2024-06-28_England-player-explains	England player explains how he ended up flying '10 feet in the air' in bike fall that gashed chin open	https://news.sky.com/story/england-player-explains-how-he-ended-up-flying-10-feet-in-the-air-in-bike-fall-that-gashed-chin-open-13160492	original	541	No	Yes	No	No	No	No	No	No	No	Unused	No		No	No
The-Guardian_2024-04-30_There-is-despair	‘There is despair’: fears for Scotland’s green policies as power-sharing ends	https://www.theguardian.com/uk-news/2024/apr/30/there-is-despair-fears-for-scotlands-green-policies-as-power-sharing-ends	original	911	No	No	No	No	No	No	No	No	No	Unused	No		No	No
Telegraph_2024-02-01_Greta-Thunberg-was-given	Greta Thunberg was given ‘final warning’ before London arrest	https://www.telegraph.co.uk/news/2024/02/01/greta-thunberg-given-final-warning-before-london-arrest/	original	523	Yes	No	Yes	No	No	No	No	No	No	Unused	Yes	Owe specific	Yes	Yes
Metro_None_Three-JSO-protesters-charged	Three JSO protesters charged after soup thrown at Van Gogh painting – again	https://metro.co.uk/2024/09/27/just-stop-activists-jailed-pouring-soup-van-gogh-painting-21692222/	original	790	Yes	No	Yes	No	No	No	No	No	No	Unused	Yes	Owe specific	Yes	Yes
The-Guardian_2024-09-13_High-court-blocks	High court blocks Cumbria plan for UK’s first new deep coalmine in 30 years	https://www.theguardian.com/environment/2024/sep/13/high-court-blocks-cumbria-plan-for-first-new-uk-coalmine-in-30-years	original	719	No	No	No	No	No	No	No	No	No	Unused	No		No	No
ITV_2024-08-21_Weve-been-lied	'We've been lied to': Feargal Sharkey and green activists to take to streets over water pollution	https://www.itv.com/news/2024-08-21/weve-been-lied-to-environmental-activists-to-protest-over-water-pollution	original	863	No	No	No	No	No	No	No	No	Yes	Unused	No		No	No
Sky_2023-10-10_Glitter-thrown-over	Glitter thrown over Sir Keir Starmer during speech - protester arrested over severe security breach	https://news.sky.com/story/glitter-thrown-over-sir-keir-starmer-during-speech-protester-arrested-over-severe-security-breach-12981744	original	679	No	No	Yes	No	No	No	No	No	Yes	Unused	No		No	No
The-Times_2025-01-30_Court-ruling-casts-doubt	Court ruling casts doubt on future of Rosebank oil field	https://www.thetimes.com/business-money/energy/article/court-victory-casts-doubt-on-future-of-north-sea-oil-and-gas-fields-8hhp3p9fh	original	1357	Yes	No	Yes	No	No	No	No	No	No	Unused	No	Not even owe	Yes	No
Mirror_2024-07-30_Just-Stop-Oil-activists	Just Stop Oil activists spray orange paint around Heathrow Airport departure hall	https://www.mirror.co.uk/travel/news/just-stop-oil-activists-spray-33356167	original	648	Yes	No	Yes	No	No	No	No	No	No	Unused	Yes	Owe specific	Yes	Yes
Metro_None_Joining-a-weekly-fiveaside	Joining a weekly five-a-side cured my loneliness	https://metro.co.uk/2023/11/19/joining-a-weekly-five-a-side-cured-my-loneliness-19698997/	original	1316	No	Yes	No	No	No	No	No	No	No	Unused	No		No	No
ITV_2023-10-28_Bristol-claims-top	Bristol claims top spot for having longest allotment waiting list in the UK	https://www.itv.com/news/westcountry/2023-10-28/bristol-named-most-difficult-city-to-get-an-allotment-in-the-uk	original	555	Yes	No	Yes	No	No	No	No	No	No	Unused	No	Not even owe	Yes	No
Daily-Mail_2024-07-08_Families-cower-in	Families cower in Barcelona restaurants as they are targeted by baying anti-tourist mob who spray them with water pistols and hold up signs mocking Brits who fall to their deaths from hotel balconies	https://www.dailymail.co.uk/news/article-13611177/Families-cower-Barcelona-restaurants-targeted-baying-anti-tourist-mob-spray-water-pistols-hold-signs-mocking-Brits-fall-deaths-hotel-balconies.html	original	1832	No	Yes	Yes	No	No	No	No	No	No	Unused	No		No	No
The-Guardian_2024-11-20_Latest-Russian-airstrikes-on	Latest Russian airstrikes on Ukraine threaten ‘catastrophic power failure’	https://www.theguardian.com/world/2024/nov/20/latest-russian-airstrikes-on-ukraine-threaten-catastrophic-power-failure	original	924	No	Yes	No	No	No	No	No	No	No	Unused	No		No	No
Daily-Mail_2024-04-05_Extinction-Rebellion-cofounder	Extinction Rebellion co-founder Roger Hallam is spared jail over plot to close Heathrow by flying drones near the airport in bid to force the Government to abandon plans for third runway	https://www.dailymail.co.uk/news/article-13276963/Extinction-Rebellion-Roger-Hallam-spared-jail-plot-close-Heathrow.html	original	727	Yes	No	Yes	No	No	No	No	No	No	Unused	Yes	Owe specific	Yes	Yes
The-Guardian_2024-05-10_Farmers-union-lobbied-to	Farmers’ union lobbied to increase pesticide limit in UK drinking water	https://www.theguardian.com/environment/article/2024/may/10/farmers-union-lobbied-to-increase-pesticide-limit-in-uk-drinking-water	original	958	No	No	No	No	No	No	No	No	No	Unused	No		No	No
The-Guardian_2024-09-12_Europe-saved-its	Europe saved its predators from the brink of extinction. So why is it killing thousands of bears, wolves and lynx?	https://www.theguardian.com/environment/2024/sep/12/europe-saved-its-predators-from-brink-of-extinction-so-why-killing-thousands-bears-wolves-lynx-aoe	original	1333	No	No	No	No	No	No	No	No	No	Unused	No		No	No
Daily-Mail_2024-07-04_RICHARD-LITTLEJOHN-Welcome	RICHARD LITTLEJOHN: Welcome to the nightmare. The hangover from Hell starts here. It is day one of Starmer's socialist utopia, comrades...	https://www.dailymail.co.uk/debate/article-13601627/RICHARD-LITTLEJOHN-morning-nightmare-Welcome-day-one-Starmers-socialist-utopia-comrades.html	original	1218	No	No	Yes	No	No	No	No	No	No	Unused	No		No	No
BBC_2025-06-15_Race-to-mine-metals	Race to mine metals for EV batteries threatens marine paradise	https://www.bbc.com/news/articles/c0k36v50zvro	original	792	No	No	No	No	No	No	No	No	No	Unused	No		No	No
Telegraph_2025-09-02_Badenoch-We-wont-be	Badenoch: We won’t be cowed by climate change ‘bullies’	https://www.telegraph.co.uk/news/2025/09/02/badenoch-cowed-by-climate-change-bullies/	original	906	Yes	No	Yes	No	No	No	No	No	No	Unused	No	Not even owe	Yes	No
ITV_2023-10-17_Greta-Thunberg-detained-at	Greta Thunberg detained at London climate protest	https://www.itv.com/news/2023-10-17/greta-thunberg-detained-at-london-climate-protest	original	502	Yes	No	Yes	No	No	No	No	No	No	Unused	Yes	Owe specific	Yes	Yes
Sun_2025-07-28_DONALD-LAY-TRUMP-Hilarious	DONALD LAY TRUMP Hilarious moment Donald Trump’s golf caddie appears to subtly drop ball in prime spot before he arrives to take shot	https://www.thesun.co.uk/news/36040098/donald-trumps-golf-caddie-drops-ball-in-prime-spot/	original	808	No	No	Yes	No	No	No	No	No	No	Unused	No		No	No
Sky_2024-06-27_Police-arrest-key	Police arrest 'key Just Stop Oil organisers' - but group says they were just having soup	https://news.sky.com/story/police-arrest-key-just-stop-oil-organisers-but-group-says-they-were-just-having-soup-13160154	original	398	Yes	No	Yes	No	No	No	No	No	No	Unused	No	Owe unspecific	Yes	No
The-Guardian_2025-06-30_Our-stage-is-a	‘Our stage is a giant pair of open legs!’ Meet Glastonbury’s most obscure acts	https://www.theguardian.com/music/2025/jun/30/our-stage-is-a-giant-pair-of-open-legs-meet-glastonburys-most-obscure-acts	original	1797	No	Yes	No	No	No	No	No	No	No	Unused	No		No	No
Metro_None_ITV-signing-up-Nigel	ITV signing up Nigel Farage for I’m A Celebrity isn’t just shameful – it’s dangerous	https://metro.co.uk/2023/11/14/nigel-fararge-on-im-a-celebrity-is-a-terrifying-prospect-heres-why-19757336/	original	1438	No	Yes	Yes	No	No	No	No	No	No	Unused	No		No	No
The-Guardian_2024-07-24_Its-easy-to	It’s easy to blame petrostates – but self-proclaimed ‘climate leaders’ like the US and UK are driving the crisis	https://www.theguardian.com/commentisfree/article/2024/jul/24/petrostates-self-proclaimed-climate-leaders-us-uk-driving-crisis	original	797	No	No	Yes	No	No	No	No	No	No	Unused	No		No	No
Mirror_2024-06-20_Stonehenge-Just-Stop-Oil	Stonehenge Just Stop Oil paint-sprayers named as Oxford student, 21, and Quaker, 73	https://www.mirror.co.uk/news/uk-news/stonehenge-just-stop-oil-paint-33070987	original	508	Yes	No	Yes	No	No	No	No	No	No	Unused	Yes	Owe specific	Yes	Yes
Daily-Mail_2025-06-23_Jeff-Bezos-and-Lauren	Jeff Bezos and Lauren Sanchez 'are forced to MOVE Venice wedding party venue due to protests and US involvement in Iran war'	https://www.dailymail.co.uk/news/article-14837959/Jeff-Bezos-Lauren-Sanchez-forced-Venice-wedding-party-venue-protests.html	original	885	Yes	No	Yes	No	No	No	No	No	No	Unused	No	Not even owe	Yes	No
The-Guardian_2023-11-27_Chinas-coal-addiction-puts	China’s coal addiction puts spotlight on its climate ambitions before Cop28	https://www.theguardian.com/world/2023/nov/27/china-coal-addiction-spotlight-climate-ambitions-cop28	original	804	No	No	No	No	No	No	No	No	No	Unused	No		No	No
BBC_2025-01-31_The-climate-campaigner-plogging	The climate campaigner plogging for the planet	https://www.bbc.com/news/articles/c05l8z6ng2eo	original	250	Yes	No	Yes	No	No	No	No	No	No	Unused	No	Not even owe	Yes	No
The-Times_2024-06-28_Friday-at-Glastonbury-2024	Friday at Glastonbury 2024 — as it happened	https://www.thetimes.com/culture/music/article/friday-glastonbury-2024-live-latest-news-0nkk0x272	original	6445	No	No	Yes	No	Yes	No	No	No	No	Unused	No		No	No
Sky_2025-01-13_Just-Stop-Oil-protesters	Just Stop Oil protesters spray-paint '1.5 is dead' on Charles Darwin's grave	https://news.sky.com/story/just-stop-oil-protesters-spray-paint-1-5-is-dead-on-charles-darwins-grave-13288132	original	509	Yes	No	Yes	No	No	No	No	No	No	Unused	Yes	Owe specific	Yes	Yes
The-Times_2025-06-26_My-makeup-class-at	My make-up class at Glastonbury to fool facial recognition cameras	https://www.thetimes.com/culture/music/article/glastonbury-festival-greenpeace-how-to-beat-facial-recognition-protests-0v2c8cjl6	original	868	Yes	No	Yes	No	No	No	No	No	No	Unused	No	Not even owe	Yes	No
Daily-Mail_2024-03-14_Just-Stop-Oils	Just Stop Oil's pink-haired 'poster girl' Phoebe Plummer is arrested while delivering a letter to Emily Thornberry's house days after she was detained over plot to target MPs' homes	https://www.dailymail.co.uk/news/article-13198169/Just-Stop-Oils-pink-haired-poster-girl-Phoebe-Plummer-arrested-delivering-letter-Emily-Thornberrys-house-detained-plot-target-MPs-homes.html	original	714	Yes	No	Yes	No	No	No	No	No	No	Unused	No	Owe specific	Yes	Yes
The-Guardian_2024-08-08_A-sevenday-strike	A seven-day strike by immigrants would make a point	https://www.theguardian.com/uk-news/article/2024/aug/08/a-seven-day-strike-by-immigrants-would-make-a-point	original	315	No	No	Yes	Yes	No	No	No	No	No	Unused	No		No	No
Metro_None_I-starred-in-a	I starred in a TV ad – but was horrified by what happened next	https://metro.co.uk/2023/10/21/i-starred-in-a-tv-ad-but-was-horrified-by-what-happened-next-19695136/	original	1222	No	Yes	No	No	No	No	No	No	No	Unused	No		No	No
Daily-Mail_2024-02-25_Labour-shadow-minister	Labour shadow minister Lisa Nandy reveals she carries a poli3132709ce alarm 'everywhere I go' after three female MPs are revealed to have been given taxpayer-funded bodyguards amid growing safety fears	https://www.dailymail.co.uk/news/article-13123647/Labour-shadow-minister-Lisa-Nandy-reveals-carries-police-alarm-three-female-MPs-revealed-given-taxpayer-funded-bodyguards-amid-growing-safety-fears.html	original	883	Yes	No	Yes	No	No	No	No	No	No	Unused	No	Not even owe	Yes	No
Sky_2024-04-17_Plastic-crisis-out	Plastic crisis 'out of control' as 1.7 billion pieces thrown away weekly in UK	https://news.sky.com/story/plastic-crisis-out-of-control-as-1-7-billion-pieces-thrown-away-weekly-in-uk-13116066	original	785	No	No	No	No	No	No	No	No	No	Unused	No		No	No
Metro_None_Prison-guard-caught-having	Prison guard caught having ‘an hour of intimacy’ in storeroom is spared jail	https://metro.co.uk/2024/07/24/prison-guard-caught-an-hour-intimacy-storeroom-spared-jail-21288699/	original	519	No	Yes	No	No	No	No	No	No	No	Unused	No		No	No
BBC_2024-06-19_Stonehenge-covered-in-powder	Stonehenge covered in powder paint by Just Stop Oil	https://www.bbc.com/news/articles/cw44mdee0zzo	original	582	Yes	No	Yes	No	No	No	No	No	No	Unused	Yes	Owe specific	Yes	Yes
The-Guardian_2024-03-04_Afternoon-Update-Drumgold	Afternoon Update: Drumgold scores partial victory in Lehrmann trial fallout; NRL racism allegation; and Nikki Haley wins first primary	https://www.theguardian.com/australia-news/2024/mar/04/afternoon-update-drumgold-scores-partial-victory-in-lehrmann-trial-fallout-nrl-racism-allegation-and-nikki-haley-wins-first-primary	original	850	Yes	No	Yes	No	Yes	No	No	No	No	Unused	No		No	No
BBC_2025-02-27_Gatwick-second-runway-backed	Gatwick second runway backed by government	https://www.bbc.com/news/articles/cqjdz9q170yo	original	864	No	No	No	No	No	No	No	No	No	Unused	No		No	No
The-Guardian_2024-08-14_Liquefied-natural-gas	Liquefied natural gas pollution linked to 60 premature US deaths a year – report	https://www.theguardian.com/us-news/article/2024/aug/14/natural-gas-pollution-deaths-lng	original	948	No	No	No	No	No	No	No	No	No	Unused	No		No	No
Telegraph_2025-01-28_Reeves-wrong-to-put	Reeves wrong to put growth before net zero, says major Labour donor	https://www.telegraph.co.uk/business/2025/01/28/rachel-reeves-wrong-put-growth-before-net-zero-dale-vince/	original	886	No	No	Yes	No	No	No	No	No	No	Unused	No		No	No
Telegraph_2025-08-11_Greyhaired-granny-activists-are	Grey-haired granny activists are ruining Britain	https://www.telegraph.co.uk/news/2025/08/11/grey-haired-granny-activists-are-ruining-britain/	original	628	Yes	No	Yes	No	No	No	No	No	No	Unused	No	Owe unspecific	Yes	No
The-Guardian_2024-10-05_British-food-firms-lobbied	British food firms lobbied to defer £1.7bn plastic packaging tax, documents reveal	https://www.theguardian.com/business/2024/oct/05/british-food-firms-lobbied-to-defer-17bn-plastic-packaging-tax-documents-reveal	original	878	No	No	No	No	No	No	No	No	No	Unused	No		No	No
The-Guardian_2025-08-13_Millions-of-litres-of	Millions of litres of oil seeping into UK soil from ageing electricity cables	https://www.theguardian.com/environment/2025/aug/13/uk-electricity-firms-cables-leaking-oil-underground	original	1130	No	No	No	No	No	No	No	No	No	Unused	No		No	No
The-Guardian_2025-01-29_Sixteen-jailed-UK-climate	Sixteen jailed UK climate activists to appeal against ‘unduly harsh’ sentences	https://www.theguardian.com/environment/2025/jan/29/sixteen-jailed-uk-climate-activists-to-appeal-against-sentences	original	648	Yes	No	Yes	No	No	No	No	No	No	Unused	No	Owe unspecific	Yes	No
ITV_2024-07-18_Leeds-Bradford-Luton	Leeds Bradford, Luton and Newcastle airports given High Court injunctions to ban protests	https://www.itv.com/news/calendar/2024-07-18/airports-granted-injunctions-banning-climate-activists	original	479	Yes	No	Yes	No	No	No	No	No	No	Unused	No	Owe unspecific	Yes	No
Metro_None_Jeremy-Clarkson-is-the	Jeremy Clarkson is the farming hero Countryfile never was	https://metro.co.uk/2023/10/19/jeremy-clarkson-is-every-farmers-hero-and-thats-a-problem-19690315/	original	1583	No	Yes	Yes	No	No	No	No	No	No	Unused	No		No	No
The-Guardian_2024-05-21_UK-risks-descending	UK risks ‘descending into darkness’ of antisemitism, Michael Gove to say	https://www.theguardian.com/news/article/2024/may/21/uk-risks-descending-into-darkness-of-antisemitism-michael-gove-to-say	original	612	Yes	No	Yes	No	No	No	No	No	No	Unused	No	Not even owe	Yes	No
Metro_None_You-may-think-its	You may think it’s innocent, but this question you’re asking is insulting	https://metro.co.uk/2023/11/22/may-think-innocent-this-question-insulting-19838674/	original	1453	No	Yes	No	No	No	No	No	No	No	Unused	No		No	No
The-Guardian_2023-11-02_Shell-angers-climate	Shell angers climate activists with plan for $23bn shareholder payout	https://www.theguardian.com/business/2023/nov/02/shells-moves-ahead-with-35bn-shareholder-windfall-despite-profits-fall	original	738	No	No	No	No	No	No	No	No	No	Unused	No		No	No
Sky_2024-06-28_Police-not-looking	Police not looking for anyone else after murder investigation into deaths of paramedic and woman	https://news.sky.com/story/police-not-looking-for-anyone-else-after-deaths-of-paramedic-and-woman-13160486	original	528	No	Yes	No	No	No	No	No	No	No	Unused	No		No	No
The-Guardian_2023-10-29_Man-tries-to	Man tries to kill himself after hearing of move to Bibby Stockholm	https://www.theguardian.com/uk-news/2023/oct/29/man-tries-kill-himself-move-bibby-stockholm	original	797	No	Yes	No	No	No	No	No	No	No	Unused	No		No	No
The-Guardian_2024-11-20_Cop29-campaigners-say-talks	Cop29: campaigners say talks are ‘reaching point of real emotion’ – as it happened	https://www.theguardian.com/environment/live/2024/nov/20/cop29-climate-summit-live-updates-baku-azerbaijan	original	4694	No	No	No	No	Yes	No	No	No	No	Unused	No		No	No
Mirror_2024-09-27_Just-Stop-Oil-protestors	Just Stop Oil protestors throw soup over Van Gogh paintings again as onlookers horrified	https://www.mirror.co.uk/news/uk-news/breaking-just-stop-oil-protestors-33769154	original	382	Yes	No	Yes	No	No	No	No	No	No	Unused	Yes	Owe specific	Yes	Yes
BBC_2024-11-24_Huge-COP29-climate-deal	Huge COP29 climate deal too little too late, poorer nations say	https://www.bbc.com/news/articles/cd0gx4przejo	original	972	No	No	No	No	No	No	No	No	No	Unused	No		No	No
The-Guardian_2025-03-20_North-Dakota-jury-says	North Dakota jury says Greenpeace must pay at least $660m over Dakota pipeline protests - video	https://www.theguardian.com/environment/video/2025/mar/20/north-dakota-jury-says-greenpeace-must-pay-at-least-660m-over-dakota-pipeline-protests	original	72	Yes	No	Yes	No	No	No	No	Yes	No	Unused	No		No	No
Daily-Mail_2023-10-10_Revealed-Protester-28	Revealed: Protester, 28, who dumped glitter over Keir Starmer is globe-trotting XR activist from Surrey who describes himself 'as a little bit of a weird one' and also joined protests at Cop26 and London	https://www.dailymail.co.uk/news/article-12615205/Protester-28-dumped-glitter-Keir-Starmer-XR-activist-photographer-Surrey-describes-little-bit-weird-one-joined-protests-Cop26-London.html	original	695	Yes	No	Yes	No	No	No	No	No	No	Unused	Yes	Owe specific	Yes	Yes
Daily-Mail_2024-09-27_Waiting-For-Godot	Waiting For Godot review: Beckett's 'Laurel and Hardy' lift gloomy Godot, writes PATRICK MARMION	https://www.dailymail.co.uk/tvshowbiz/article-13896641/waiting-godot-review-beckett-patrick-marmion-theatre-review.html	original	2082	No	Yes	No	No	Yes	No	No	No	No	Unused	No		No	No
Sky_2023-11-08_Rishi-Sunak-vows	Rishi Sunak vows to hold Metropolitan Police chief 'accountable' for allowing pro-Palestinian protest on Armistice Day	https://news.sky.com/story/armistice-wrong-day-for-gaza-protest-barclay-says-as-he-reveals-ongoing-govt-talks-despite-police-green-light-13003150	original	1075	No	No	No	No	No	No	No	No	No	Unused	No		No	No
The-Guardian_2024-05-05_Labours-Richard-Parker	Labour’s Richard Parker defeats Andy Street in tight West Midlands mayoral race after Sadiq Khan wins third term in London – as it happened	https://www.theguardian.com/politics/live/2024/may/04/local-election-results-london-mayor-sadiq-khan-susan-hall-west-midlands-greater-manchester?filterKeyEvents=false&page=with:block-663652868f082c8a32ea9f7d	original	833	No	Yes	No	No	Yes	No	No	No	No	Unused	No		No	No
The-Guardian_2024-03-16_UK-doctors-involved	UK doctors involved in climate protests face threat of being struck off	https://www.theguardian.com/environment/2024/mar/16/uk-doctors-involved-in-climate-protests-face-threat-of-being-struck-off	original	1159	Yes	No	Yes	No	No	No	No	No	No	Unused	No	Owe unspecific	Yes	No
BBC_2024-09-20_Judge-throws-out-Sunak	Judge throws out Sunak home protest charges	https://www.bbc.com/news/articles/cn0e1eendjwo	original	517	Yes	No	Yes	No	No	No	No	No	No	Unused	Yes	Owe specific	Yes	Yes
BBC_2024-09-20_Judge-calls-for-longer	Judge calls for longer pregabalin supply jail terms	https://www.bbc.com/news/articles/cvgx92182reo	original	365	No	Yes	Yes	No	No	No	No	No	No	Unused	No		No	No
The-Guardian_None_George-Monbiot-on	George Monbiot on the record jail terms given to Just Stop Oil activists – podcast	https://www.theguardian.com/science/audio/2024/jul/23/george-monbiot-on-the-record-jail-terms-given-to-just-stop-oil-activists-podcast	original	97	Yes	No	Yes	No	No	No	No	No	No	Unused	No	Owe but fails other criteria	Yes	No
The-Guardian_2024-06-28_Were-the-floating	We’re the floating voters who will decide this election. With a week to go, this is what we think	https://www.theguardian.com/commentisfree/article/2024/jun/28/floating-voters-decide-election-week-to-go-what-we-think	original	2424	No	No	Yes	No	No	No	No	No	No	Unused	No		No	No
ITV_2024-06-21_Charity-welcomes-Supreme-Court	Charity welcomes Supreme Court Ruling which could impact plans to build Cumbria coal mine	https://www.itv.com/news/border/2024-06-21/charity-welcomes-supreme-court-ruling-which-could-halt-cumbria-coal-mine-plans	original	247	No	No	No	No	No	No	No	No	No	Unused	No		No	No
The-Guardian_2024-02-06_EU-lays-out	EU lays out plan to cut greenhouse emissions by 90% by 2040	https://www.theguardian.com/environment/2024/feb/06/eu-lays-out-plan-to-cut-greenhouse-emissions-by-90-by-2040	original	838	No	No	No	No	No	No	No	No	No	Unused	No		No	No
The-Guardian_2023-10-19_Just-Stop-Oil	Just Stop Oil protesters block coach carrying men to Bibby Stockholm barge – video	https://www.theguardian.com/environment/video/2023/oct/19/just-stop-oil-protesters-block-coach-carrying-men-to-bibby-stockholm-barge-video	original	105	Yes	No	Yes	No	No	No	No	Yes	No	Unused	No		No	No
The-Guardian_2024-04-24_Doctors-condemn-suspension	Doctors condemn suspension of retired GP over UK climate protests	https://www.theguardian.com/environment/2024/apr/24/doctors-condemns-suspension-retired-gp-uk-climate-protest-british-medical-association	original	1018	Yes	No	Yes	No	No	No	No	No	No	Unused	No	Owe unspecific	Yes	No
The-Guardian_2025-01-08_Charges-against-34-people	Charges against 34 people dropped over plastic pollution protest at Unilever HQ	https://www.theguardian.com/environment/2025/jan/08/charges-dropped-plastic-pollution-protest-greenpeace-unilever-london	original	397	Yes	No	Yes	No	No	No	No	No	No	Unused	Yes	Owe specific	Yes	Yes
Mirror_2024-06-20_Taylor-Swift-lands-her	Taylor Swift lands her private jet at Stansted airport with crates of booze ahead of Wembley shows	https://www.mirror.co.uk/3am/us-celebrity-news/taylor-swift-private-jet-london-33069822	original	970	No	Yes	Yes	No	No	No	No	No	No	Unused	No		No	No
Daily-Mail_2025-06-27_Ellie-Goulding-dazzles-in	Ellie Goulding dazzles in plunging sequin gown as she makes surprise appearance at extravagant Bezos wedding festivities in Venice	https://www.dailymail.co.uk/tvshowbiz/article-14852323/Ellie-Goulding-dazzles-plunging-sequin-gown-makes-surprise-appearance-extravagant-Bezos-wedding-festivities-Venice.html	original	1044	No	No	Yes	No	No	No	No	No	No	Unused	No		No	No
The-Guardian_2024-06-14_Barclays-suspends-sponsorship	Barclays suspends sponsorship of Download, Latitude and Isle of Wight festivals	https://www.theguardian.com/music/article/2024/jun/14/barclays-suspends-sponsorship-from-download-latitude-and-isle-of-wight-festivals	original	962	No	No	Yes	No	No	No	No	No	Yes	Unused	No		No	No
Metro_None_I-cant-listen-to	I can’t listen to Mariah Carey or Wham’s Christmas songs any more	https://metro.co.uk/2023/12/11/im-bored-mariah-wham-new-christmas-songs-19956785/	original	1160	No	Yes	No	No	No	No	No	No	No	Unused	No		No	No
The-Guardian_2024-03-05_No-10-faces	No 10 faces Tory backlash over plans to broaden extremism definition	https://www.theguardian.com/politics/2024/mar/05/senior-tories-criticise-no-10-plans-to-broaden-extremism-definition	original	814	Yes	No	Yes	No	No	No	No	No	No	Unused	No	Not even owe	Yes	No
Metro_None_My-GP-wasnt-worried	My GP wasn’t worried about my breast lump so I delayed getting it checked for 7 months	https://metro.co.uk/2023/11/04/my-gp-wasnt-worried-about-my-lump-i-delayed-getting-checked-for-7-months-19753827/	original	1442	No	Yes	No	No	No	No	No	No	No	Unused	No		No	No
BBC_2024-03-16_Climate-Choir-movement-Using	Climate Choir movement: Using melody for protests	https://www.bbc.com/news/uk-england-bristol-68467627	original	832	Yes	No	Yes	No	No	No	No	No	No	Unused	No	Owe unspecific	Yes	No
Mirror_None_Holly-Willoughby-and-fellow	Holly Willoughby and fellow stars anger locals with 'ridiculous' Glastonbury decision	https://www.mirror.co.uk/3am/celebrity-news/holly-willoughby-fellow-stars-anger-35467901	original	630	No	No	No	No	No	No	No	No	No	Unused	No		No	No
Metro_None_Marvel-is-dead-	Marvel is dead – and I’m dancing on the grave	https://metro.co.uk/2023/11/27/marvel-dead-im-dancing-grave-19884651/	original	1553	No	Yes	Yes	No	No	No	No	No	No	Unused	No		No	No
Daily-Mail_2024-03-15_Moment-Sopranos-star	Moment Sopranos star Michael Imperioli shoves climate change protesters out of 'An Enemy of the People' Broadway performance	https://www.dailymail.co.uk/news/article-13202257/sopranos-michael-imperioli-climate-change-protesters-broadway.html	original	395	Yes	No	Yes	No	No	No	No	No	No	Unused	Yes	Owe specific	Yes	Yes
The-Guardian_2023-12-11_Chris-Bowen-says	Chris Bowen says agreement on global fossil fuel phase out central to Australia’s renewable energy plans	https://www.theguardian.com/australia-news/2023/dec/11/chris-bowen-tells-cop28-to-end-the-use-of-fossil-fuels-in-energy-production-as-talks-try-to-break-deadlock	original	1026	No	No	No	No	No	No	No	No	No	Unused	No		No	No
Daily-Mail_2023-11-02_YouTubers-fly-to	YouTubers fly to Poland to do their shopping... and discover they spend less than they would have in a supermarket in Britain	https://www.dailymail.co.uk/news/article-12703931/YouTubers-fly-Poland-shopping-discover-spend-supermarket-Britain.html	original	939	No	No	Yes	No	No	No	No	No	No	Unused	No		No	No
Sky_2024-06-24_Extinction-Rebellion-climate	Extinction Rebellion climate change protest disrupts PGA golf tournament in Connecticut	https://news.sky.com/story/extinction-rebellion-climate-change-protest-disrupts-pga-golf-tournament-in-connecticut-13157957	original	457	Yes	No	Yes	No	No	No	No	No	No	Unused	Yes	Owe specific	Yes	Yes
BBC_2024-08-29_UK-government-will-not	UK government will not fight Rosebank oil field legal challenge	https://www.bbc.com/news/articles/c30393m4z50o	original	815	Yes	No	Yes	No	No	No	No	No	No	Unused	No	Not even owe	Yes	No
Daily-Mail_2024-06-29_Wimbledon-hires-more	Wimbledon hires more than a thousand security guards and even removes jigsaws from its shop in a bid to crack down on Just Stop Oil and pro-Palestinian protesters	https://www.dailymail.co.uk/news/article-13583771/Wimbledon-hires-thousand-security-guards-removes-jigsaws-shop-bid-crack-Just-Stop-Oil-pro-Palestinian-protesters.html	original	378	Yes	No	Yes	No	No	No	No	No	No	Unused	No	Owe unspecific	Yes	No
The-Guardian_2024-08-21_Labour-promoting-ageold-message	Labour ‘promoting age-old message of fear and hostility’ over migrants, says charity – as it happened	https://www.theguardian.com/politics/live/2024/aug/21/labour-immigration-government-deficit-uk-politics-live?page=with%3Ablock-66c5be0b8f0893d34d6b47d4	original	2543	No	Yes	No	No	Yes	No	No	No	No	Unused	No		No	No
Daily-Mail_2025-06-27_Lauren-Sanchez-and-Jeff	Lauren Sanchez and Jeff Bezos' A-list guests run for cover as pre-wedding party is hit by huge freak thunderstorm	https://www.dailymail.co.uk/tvshowbiz/article-14852317/Lauren-Sanchez-Jeff-Bezos-guests-run-cover-pre-wedding-party-ruined-huge-thunderstorm.html	original	2095	Yes	No	Yes	No	No	No	No	No	No	Unused	No	Not even owe	Yes	No
Daily-Mail_2023-12-11_Just-Stop-Oil	Just Stop Oil activists who took part in slow march across Waterloo Bridge are told by judge they can CONTINUE taking part in 'peaceful' protests before their 2025 trial	https://www.dailymail.co.uk/news/article-12851599/just-stop-oil-march-waterloo-judge-continue-protest-trial.html	original	350	Yes	No	Yes	No	No	No	No	No	No	Unused	Yes	Owe specific	Yes	Yes
The-Guardian_2024-07-08_Keir-Starmer-urged	Keir Starmer urged to act on water bill rises in England and Wales	https://www.theguardian.com/business/article/2024/jul/08/keir-starmer-urged-to-act-on-water-bill-rises-in-england-and-wales	original	683	No	No	No	No	No	No	No	No	No	Unused	No		No	No
Metro_None_My-date-went-in	My date went in for a kiss. Afterwards, I brushed my teeth 18 times	https://metro.co.uk/2024/01/13/brushed-teeth-18-times-worst-first-date-20071572/	original	1541	No	Yes	No	No	No	No	No	No	No	Unused	No		No	No
Metro_None_Royal-cars-indication-and	Royal cars, indication and the right to assisted suicide	https://metro.co.uk/2024/01/31/royal-cars-indication-right-assisted-suicide-20202991/	original	1520	No	No	Yes	Yes	No	No	No	No	No	Unused	No		No	No
The-Guardian_2025-09-26_Ladakh-statehood-activist-arrested	Ladakh statehood activist arrested days after violent crackdown by Modi	https://www.theguardian.com/world/2025/sep/26/activist-arrested-ladakh-crackdown-modi-sonam-wangchuk	original	541	No	No	Yes	No	No	No	No	No	No	Unused	No		No	No
BBC_2025-05-02_How-the-political-consensus	How the political consensus on climate change has shattered	https://www.bbc.com/news/articles/cx20znjejw1o	original	1290	Yes	No	Yes	No	No	No	No	No	No	Unused	No	Not even owe	Yes	No
The-Guardian_2025-08-20_Police-investigate-sabotage-claims	Police investigate sabotage claims by UK activists against ‘fossil fuel finance’	https://www.theguardian.com/environment/2025/aug/20/police-investigate-uk-activists-sabotage-fossil-fuel-finance-shut-the-system	original	603	Yes	No	Yes	No	No	No	No	No	No	Unused	Yes	Owe specific	Yes	Yes
Metro_None_Brian-Cox-tries-to	Brian Cox tries to make sense of Tekken’s story so far in dramatic recap video	https://metro.co.uk/2024/01/10/brian-cox-tries-make-sense-tekkens-story-far-recap-video-20092486/	original	466	No	Yes	Yes	No	No	No	No	No	No	Unused	No		No	No
Telegraph_2024-09-26_Just-Stop-Oil-soup	Just Stop Oil soup throwers ‘are daring iconoclasts, not criminals’	https://www.telegraph.co.uk/news/2024/09/26/just-stop-oil-soup-throwers-iconoclasts/	original	420	Yes	No	Yes	No	No	No	No	No	No	Unused	Yes	Owe specific	Yes	Yes
The-Guardian_2025-01-09_Greens-attack-Woodside-proposal	Greens attack Woodside proposal to bury CO2 from WA gas project under pristine reef	https://www.theguardian.com/australia-news/2025/jan/10/woodside-ccs-proposal-bury-co2-under-scott-reef	original	702	No	No	No	No	No	No	No	No	No	Unused	No		No	No
Metro_None_What-impact-will-the	What impact will the oil tanker explosion have on the environment?	https://metro.co.uk/2025/03/10/impact-will-oil-tanker-explosion-environment-22700631/	original	1202	No	No	No	No	No	No	No	No	No	Unused	No		No	No
Telegraph_2024-09-25_Miliband-sends-armed-police	Miliband sends armed police to guard gas terminals amid net zero protests	https://www.telegraph.co.uk/business/2024/09/25/ed-miliband-armed-police-guard-gas-terminals-net-zero/	original	707	Yes	No	Yes	No	No	No	No	No	No	Unused	No	Owe unspecific	Yes	No
The-Guardian_2024-06-28_Dozens-of-Just	Dozens of Just Stop Oil activists arrested on suspicion of planning to disrupt airports	https://www.theguardian.com/uk-news/article/2024/jun/28/just-stop-oil-activists-arrested-suspicion-planning-disrupt-airports	original	384	Yes	No	No	No	No	No	No	No	No	Unused	No	Owe specific	Yes	Yes
Metro_None_Gazza-says-hes-emotionally	Gazza says he’s ’emotionally soft’ as he compares himself to Taylor Swift	https://metro.co.uk/2024/06/20/gazza-says-emotionally-soft-compares-taylor-swift-21074405/	original	879	No	Yes	No	No	No	No	No	No	No	Unused	No		No	No
Metro_None_Met-to-use-all	Met to use ‘all of their powers’ to stop Remembrance Day protesters	https://metro.co.uk/2023/11/03/met-to-use-all-of-their-powers-to-stop-remembrance-day-protesters-19766983/	original	583	No	No	Yes	No	No	No	No	No	No	Unused	No		No	No
The-Guardian_2024-04-08_Russia-and-Ukraine-trade	Russia and Ukraine trade blame over Zaporizhzhia nuclear plant drone strike	https://www.theguardian.com/world/2024/apr/08/russia-ukraine-zaporizhzhia-nuclear-power-plant-drone-strike	original	478	No	Yes	No	No	No	No	No	No	No	Unused	No		No	No
Metro_None_I-was-13-when	I was 13 when I was groomed by an actor in plain sight. No one did anything to stop it	https://metro.co.uk/2023/12/24/13-groomed-actor-plain-sight-20003029/	original	1307	No	Yes	No	No	No	No	No	No	No	Unused	No		No	No
BBC_2025-06-24_Venice-protesters-claim-victory	Venice protesters claim victory as Jeff Bezos changes wedding venue	https://www.bbc.com/news/articles/cd0vjr07570o	original	722	No	No	Yes	No	No	No	No	No	No	Unused	No		No	No
The-Guardian_2025-03-05_Ban-on-new-drilling	Ban on new drilling confirmed as ministers consult on North Sea’s ‘clean energy future’	https://www.theguardian.com/business/2025/mar/05/ban-on-new-drilling-confirmed-as-ministers-consult-on-north-sea-clean-energy-future	original	778	No	No	No	No	No	No	No	No	No	Unused	No		No	No
The-Guardian_2024-03-03_UK-ministers-consider	UK ministers consider ban on MPs engaging with pro-Palestine and climate protesters	https://www.theguardian.com/world/2024/mar/03/ministers-consider-ban-mps-engaging-pro-palestine-climate-protesters	original	877	Yes	No	Yes	No	No	No	No	No	No	Unused	No	Not even owe	Yes	No
BBC_2023-12-23_Prevent-Rise-in-climate	Prevent: Rise in climate activists referred to anti-terror scheme	https://www.bbc.com/news/uk-67665218	original	1271	Yes	No	Yes	No	No	No	No	No	No	Unused	No	Owe unspecific	Yes	No
Sky_2024-02-08_Labour-confirms-Uturn	Labour confirms U-turn on £28bn green spending pledge	https://news.sky.com/story/labour-confirms-u-turn-on-28bn-green-spending-pledge-13066856	original	1093	No	No	No	No	No	No	No	No	No	Unused	No		No	No
The-Guardian_2025-02-20_Fossil-fuel-firms-300m	Fossil fuel firm’s $300m trial against Greenpeace to begin: ‘Weaponizing the judicial system’	https://www.theguardian.com/us-news/2025/feb/20/greenpeace-energy-transfer-dakota-pipeline-trial	original	1944	Yes	No	Yes	No	No	No	No	No	No	Unused	No	Not even owe	Yes	No
The-Guardian_2023-10-31_BP-plays-down	BP plays down takeover speculation after lower than expected profits	https://www.theguardian.com/business/2023/oct/31/bp-profits-gas-bernard-looney	original	786	No	No	No	No	No	No	No	No	No	Unused	No		No	No
BBC_2023-10-21_Recycling-reforms-see-separate	Recycling reforms see separate food waste bins for England	https://www.bbc.com/news/science-environment-67176392	original	434	No	No	No	No	No	No	No	No	No	Unused	No		No	No
The-Times_2024-07-19_Police-fear-Just-Stop	Police fear Just Stop Oil jail sentences will spark more protests	https://www.thetimes.com/uk/crime/article/police-fear-just-stop-oil-jail-sentences-will-spark-more-protests-fzrbs6cp0	original	781	Yes	No	Yes	No	No	No	No	No	No	Unused	Yes	Owe specific	Yes	Yes
Telegraph_2024-05-14_Just-Stop-Oil-protester	Just Stop Oil protester who painted Scotland Yard sign orange cleared after comparison to Rosa Parks	https://www.telegraph.co.uk/news/2024/05/14/climate-protester-cleared-scotland-yard-paint-rosa-parks/	original	351	Yes	No	Yes	No	No	No	No	No	No	Unused	Yes	Owe specific	Yes	Yes
Metro_None_I-was-asked-out	I was asked out on a date while on a date with someone else – I said yes	https://metro.co.uk/2023/12/29/asked-a-date-a-date-someone-else-said-yes-20014736/	original	1391	No	Yes	No	No	No	No	No	No	No	Unused	No		No	No
The-Guardian_2023-12-07_Hedge-fund-billionaire	Hedge fund billionaire Sir Chris Hohn paid himself £276m in 2023	https://www.theguardian.com/business/2023/dec/07/hedge-fund-billionaire-sir-chris-hohn-paid-himself-276m-this-year	original	586	No	No	Yes	No	No	No	No	No	No	Unused	No		No	No
ITV_2024-11-24_Poorer-nations-express-frustration	Poorer nations express frustration after last minute COP29 deal	https://www.itv.com/news/2024-11-23/cop29-nations-agree-to-300-billion-climate-finance-deal-for-poorer-countries	original	920	No	No	No	No	No	No	No	No	No	Unused	No		No	No
The-Guardian_None_Nearly-175-arrested	Nearly 175 arrested as climate protesters target France’s TotalEnergies and key investor	https://www.theguardian.com/environment/article/2024/may/25/nearly-175-arrested-as-climate-protesters-target-frances-totalenergies-and-key-investor	original	382	Yes	No	Yes	No	No	No	No	No	No	Unused	Yes	Owe specific	Yes	Yes
Sky_2025-07-30_Palestine-Actions-bid-for	Palestine Action's bid for judicial review granted after MPs banned group	https://news.sky.com/story/palestine-actions-bid-for-judicial-review-granted-after-mps-banned-group-13403514	original	738	No	No	Yes	No	No	No	No	No	No	Unused	No		No	No
The-Guardian_2023-12-14_Qantas-calls-cash	Qantas calls cash compensation for delayed flights a ‘backwards step’ – as it happened	https://www.theguardian.com/australia-news/live/2023/dec/14/australia-news-live-cyclone-jasper-north-queensland-flooding-storm-climate-change-global-warming-fossil-fuels-cop?page=with:block-657a24018f0805d21b575c6f	original	1719	No	No	Yes	No	Yes	No	No	No	No	Unused	No		No	No
The-Guardian_2024-03-07_Carved-up-and	Carved up and sold off: developers plan a ‘new Miami’ in Argentina’s nature-rich wetlands	https://www.theguardian.com/global-development/2024/mar/07/carved-up-and-sold-off-parana-delta-developers-plan-a-new-miami-in-argentina-nature-rich-wetlands	original	1385	No	No	No	No	No	No	No	No	No	Unused	No		No	No
The-Guardian_2024-04-06_Greta-Thunberg-detained	Greta Thunberg detained at The Hague climate demonstration	https://www.theguardian.com/environment/2024/apr/06/greta-thunberg-detained-at-hague-climate-demonstration	original	383	Yes	No	Yes	No	No	No	No	No	No	Unused	Yes	Owe specific	Yes	Yes
The-Guardian_2024-07-28_The-end-is	The end is nigh. For insects, bats, protest, the planet…	https://www.theguardian.com/commentisfree/article/2024/jul/28/the-end-is-nigh-for-insects-bats-protest-the-planet	original	1047	Yes	No	Yes	No	No	No	No	No	No	Unused	No	Not even owe	Yes	No
BBC_2024-07-22_Just-Stop-Oil-activists	Just Stop Oil activists bailed	https://www.bbc.com/news/articles/cz47g49gz1do	original	247	Yes	No	Yes	No	No	No	No	No	No	Unused	Yes	Owe specific	Yes	Yes
Mirror_2024-09-20_Kirsty-Gallacher-backs-Mirror	Kirsty Gallacher backs Mirror campaign for ban on 'cruel and ugly' fur sales in UK	https://www.mirror.co.uk/news/uk-news/kirsty-gallacher-backs-mirror-campaign-33716586	original	963	No	No	Yes	No	No	No	No	No	No	Unused	No		No	No
The-Guardian_2025-08-07_More-than-200-lobbyists	More than 200 lobbyists at UN’s plastic treaty talks will limit progress, campaigners warn	https://www.theguardian.com/environment/2025/aug/07/more-than-200-lobbyists-at-uns-plastic-treaty-talks-will-limit-progress-campaigners-warn	original	891	No	No	No	No	No	No	No	No	No	Unused	No		No	No
The-Guardian_None_More-than-150-lawyers	More than 150 lawyers and refugee NGOs report being ‘pressured into silence’ by far-right protesters	https://www.theguardian.com/uk-news/2025/sep/22/more-than-150-lawyers-and-refugee-ngos-report-being-pressured-into-silence-by-far-right-protesters	original	520	No	Yes	No	No	No	No	No	No	No	Unused	No		No	No
The-Guardian_2024-11-24_Cop29-climate-finance-deal	Cop29 climate finance deal criticised as ‘travesty of justice’ and ‘stage-managed’	https://www.theguardian.com/environment/2024/nov/24/cop29-climate-finance-deal-criticised-travesty-justice-stage-managed	original	1030	No	No	No	No	No	No	No	No	No	Unused	No		No	No
Metro_None_This-TV-show-meant	This TV show meant the world to me as a queer person… and now it’s gone	https://metro.co.uk/2024/01/11/flag-means-death-much-a-gay-pirate-show-20100918/	original	1270	No	Yes	No	No	No	No	No	No	No	Unused	No		No	No
Metro_None_A-holiday-in-Blackpool	A holiday in Blackpool helped me come out as trans	https://metro.co.uk/2024/01/21/terrified-go-holiday-found-perfect-solution-20134454/	original	1882	No	Yes	No	No	No	No	No	No	No	Unused	No		No	No
Metro_None_I-opened-the-door	I opened the door for a delivery – then I realised I was half naked	https://metro.co.uk/2024/01/08/a-stern-word-boss-made-realise-laugh-cancer-20064001/	original	1858	No	Yes	No	No	No	No	No	No	No	Unused	No		No	No
Metro_None_Leave-Amanda-Holden-alone	Leave Amanda Holden alone – she had every right to party at her daughter’s 18th	https://metro.co.uk/2024/01/22/leave-amanda-holden-alone-age-children-shouldnt-mean-no-fun-20152679/	original	965	No	Yes	No	No	No	No	No	No	No	Unused	No		No	No
Sky_2023-12-05_Unprecedented-2400-fuel	'Unprecedented' 2,400 fuel lobbyists at COP28 in Dubai, claim campaigners	https://news.sky.com/story/unprecedented-2-400-fuel-lobbyists-at-cop28-in-dubai-claim-campaigners-13023153	original	473	No	No	No	No	No	No	No	No	No	Unused	No		No	No
The-Guardian_2024-01-16_Will-we-leave	‘Will we leave things to the fascists?’: the activist aiming to revive Germany’s far-left party	https://www.theguardian.com/world/2024/jan/16/carola-rackete-activist-aiming-to-revive-germany-far-left-die-linke-party	original	1070	No	No	Yes	No	No	No	No	No	No	Unused	No		No	No
Metro_None_I-didnt-realise-Id	I didn’t realise I’d been groomed and trafficked – then the panic attacks started	https://metro.co.uk/2024/01/01/forced-sex-1-500-men-5-years-20037771/	original	1859	No	Yes	No	No	No	No	No	No	No	Unused	No		No	No
BBC_2024-09-04_Antiwhaling-activist-Paul-Watson	Anti-whaling activist Paul Watson kept in Greenland jail	https://www.bbc.com/news/articles/cewlqp7q0rwo	original	754	Yes	No	Yes	No	No	No	No	No	No	Unused	No	Owe specific	Yes	Yes
BBC_2024-11-16_Billions-at-stake-in	Billions at stake in court battle over North Sea oil	https://www.bbc.com/news/articles/ce89er3ekn0o	original	1255	No	No	Yes	No	No	No	No	No	No	Unused	No		No	No
Mirror_2024-03-23_Environmental-activists-Just-Stop	Environmental activists Just Stop Oil calling on UN to defend their 'human right to protest'	https://www.mirror.co.uk/news/uk-news/environmental-activists-just-stop-oil-32426378	original	367	Yes	No	Yes	No	No	No	No	No	No	Unused	No	Owe unspecific	Yes	No
The-Guardian_2025-06-10_How-does-woke-start	How does woke start winning again?	https://www.theguardian.com/news/2025/jun/10/how-does-woke-start-winning-again	original	4712	Yes	No	Yes	No	No	No	No	No	No	Unused	No	Not even owe	Yes	No
The-Guardian_2023-11-06_Just-Stop-Oil	Just Stop Oil protesters smash glass on painting at National Gallery	https://www.theguardian.com/uk-news/2023/nov/06/just-stop-oil-protesters-smash-glass-painting-national-gallery	original	354	Yes	No	Yes	No	No	No	No	No	No	Unused	Yes	Owe unspecific	Yes	No
BBC_2024-07-09_Urgent-action-needed-to	Urgent action needed to keep services - council	https://www.bbc.com/news/articles/cprqevz717go	original	316	Yes	No	Yes	No	No	No	No	No	No	Unused	No	Not even owe	Yes	No
BBC_2024-06-19_Just-Stop-Oil-What	Just Stop Oil: What is it and what are its goals?	https://www.bbc.com/news/uk-63543307	original	844	Yes	No	Yes	No	No	No	No	No	No	Unused	No	Owe unspecific	Yes	No
The-Guardian_2025-03-24_Labors-bid-to-protect	Labor’s bid to protect Tasmanian salmon industry met with unease from pro-environment MPs	https://www.theguardian.com/australia-news/2025/mar/24/labor-tasmanian-salmon-industry-protection-promises-anthony-albanese	original	780	No	No	No	No	No	No	No	No	No	Unused	No		No	No
Metro_None_I-did-a-naked	I did a naked photoshoot at 46 and it cured my low self-esteem	https://metro.co.uk/2023/11/13/a-naked-photoshoot-46-cured-low-self-esteem-19814002/	original	1570	No	Yes	No	No	No	No	No	No	No	Unused	No		No	No
The-Guardian_2023-12-02_Deep-sea-miners	Deep sea miners turn water hoses on Greenpeace activists in the Pacific	https://www.theguardian.com/environment/2023/dec/02/deep-sea-miners-turn-water-hoses-on-greenpeace-activists-in-the-pacific	original	508	Yes	No	Yes	No	No	No	No	No	No	Unused	Yes	Owe specific	Yes	Yes
BBC_2024-04-26_MP-hits-out-at	MP hits out at 'spoilt middle-class climate clowns'	https://www.bbc.com/news/articles/c0de49lyxvmo	original	473	Yes	No	Yes	No	No	No	No	No	No	Unused	Yes	Owe specific	Yes	Yes
BBC_2024-12-02_Norway-suspends-controversial-deepsea	Norway suspends controversial deep-sea mining plan	https://www.bbc.com/news/articles/c9wlj8l8kr7o	original	399	No	No	No	No	No	No	No	No	No	Unused	No		No	No
The-Guardian_2023-12-15_Just-Stop-Oil	Just Stop Oil activist jailed for six months for taking part in slow march	https://www.theguardian.com/environment/2023/dec/15/just-stop-oil-activist-is-first-to-be-jailed-under-new-uk-protest-law	original	519	Yes	No	Yes	No	No	No	No	No	No	Unused	Yes	Owe specific	Yes	Yes
Metro_None_A-sinister-Mumsnet-post	A sinister Mumsnet post has left me terrified for my daughter	https://metro.co.uk/2023/12/18/a-sinister-mumsnet-post-left-terrified-daughter-19991899/	original	1135	No	Yes	Yes	No	No	No	No	No	No	Unused	No		No	No
The-Guardian_2025-01-10_Pound-and-UK-bonds	Pound and UK bonds fall after strong US jobs report; UK gas storage levels are ‘concerningly low’ – as it happened	https://www.theguardian.com/business/live/2025/jan/10/sainsbury-hike-wages-christmas-pound-dips-bond-sell-off-us-jobs-payrolls-december-business-live-news	original	2294	No	Yes	No	No	Yes	No	No	No	No	Unused	No		No	No
Metro_None_Im-constantly-told-I	I’m constantly told I don’t look ‘gay enough’	https://metro.co.uk/2023/11/30/im-constantly-told-dont-look-gay-enough-19885798/	original	1380	No	Yes	No	No	No	No	No	No	No	Unused	No		No	No
The-Guardian_2023-11-07_Tuesday-briefing-Why	Tuesday briefing: Why eco-conscious King Charles is announcing new gas and oil projects today	https://www.theguardian.com/world/2023/nov/07/first-edition-king-charles-kings-speech-oil-and-gas	original	2512	Yes	No	Yes	No	No	No	No	No	No	Unused	No	Not even owe	Yes	No
Metro_None_A-friends-clumsy-question	A friend’s clumsy question about my mental health taught me an important lesson	https://metro.co.uk/2023/11/11/a-friends-rude-question-about-my-mental-health-taught-me-a-lesson-19697656/	original	1403	No	Yes	No	No	No	No	No	No	No	Unused	No		No	No
Sky_2023-11-10_Rishi-Sunak-urged	Rishi Sunak urged to sack Suella Braverman over 'deeply offensive' article on pro-Palestinian marches	https://news.sky.com/story/rishi-sunak-urged-to-sack-suella-braverman-over-deeply-offensive-article-on-pro-palestinian-marches-13003749	original	1357	No	No	No	No	No	No	No	No	No	Unused	No		No	No
Sky_2024-02-02_Greta-Thunberg-cleared-of	Greta Thunberg cleared of public order offence after judge throws out charge	https://news.sky.com/story/greta-thunberg-cleared-of-public-order-offence-after-judge-throws-out-charge-13062300	original	420	Yes	No	Yes	No	No	No	No	No	No	Unused	Yes	Not even owe	Yes	No
Sky_2023-10-25_Three-arrests-after	Three arrests after Just Stop Oil protesters spray orange paint on London's Wellington Arch	https://news.sky.com/story/three-arrests-after-just-stop-oil-protesters-spray-orange-paint-on-londons-wellington-arch-12992416	original	400	Yes	No	Yes	No	No	No	No	No	No	Unused	Yes	Owe specific	Yes	Yes
Sky_2023-12-24_2023s-best-funniest	2023's best, funniest and most WTF moments	https://news.sky.com/story/2023s-best-funniest-and-most-wtf-moments-13030106	original	2559	Yes	No	Yes	No	Yes	No	No	No	No	Unused	No		No	No
Sky_2024-01-23_Oil-and-gas	Oil and gas vote is a political boost for PM - but won't help our energy needs	https://news.sky.com/story/oil-and-gas-vote-is-a-political-boost-for-pm-but-wont-help-our-energy-needs-13054331	original	848	Yes	No	Yes	No	No	No	No	No	No	Unused	No	Not even owe	Yes	No
ITV_2024-07-10_Just-Stop-Oil	Just Stop Oil activists avoid prison over World Snooker Championship protest	https://www.itv.com/news/calendar/2024-07-10/just-stop-oil-activists-avoid-prison-over-world-snooker-protest	original	677	Yes	No	Yes	No	No	No	No	No	No	Unused	Yes	Owe specific	Yes	Yes
BBC_2025-09-22_Arrests-after-gas-protesters	Arrests after gas protesters scale chimney stacks	https://www.bbc.com/news/articles/crkjlerz7l6o	original	264	Yes	No	Yes	No	No	No	No	No	No	Unused	Yes	Owe specific	Yes	Yes
The-Times_2024-06-02_Attacking-art-should-be	Attacking art ‘should be criminal offence even if there’s no damage’	https://www.thetimes.com/world/europe/article/attacking-art-should-be-criminal-offence-even-if-theres-no-damage-lhf2vhjrq	original	404	Yes	No	Yes	No	No	No	No	No	No	Unused	Yes	Owe specific	Yes	Yes
The-Guardian_2025-01-10_No-10-insists-UK	No 10 insists UK has sufficient energy supply despite ‘concerningly low’ gas storage levels	https://www.theguardian.com/business/2025/jan/10/uk-energy-supply-gas-storage-levels-centrica	original	682	No	Yes	No	No	No	No	No	No	No	Unused	No		No	No
The-Guardian_2024-07-16_Buses-trains-and-bicycle	Buses, trains and bicycle paths: Labour’s mission to decarbonise UK transport	https://www.theguardian.com/environment/article/2024/jul/16/buses-trains-bicycle-paths-labour-mission-decarbonise-transport	original	920	No	No	No	No	No	No	No	No	No	Unused	No		No	No
Metro_None_I-was-only-four	I was only four when I first felt like a burden	https://metro.co.uk/2023/11/26/disabled-people-sick-made-feel-shame-needs-19870122/	original	1302	No	Yes	No	No	No	No	No	No	No	Unused	No		No	No
The-Guardian_2024-07-11_Just-Stop-Oil	Just Stop Oil activists found guilty of conspiring to block M25 traffic	https://www.theguardian.com/uk-news/article/2024/jul/11/just-stop-oil-activists-found-guilty-of-conspiring-to-block-m25-traffic	original	690	Yes	No	Yes	No	No	No	No	No	No	Unused	Yes	Owe specific	Yes	Yes
Sky_2023-12-18_Pakistan-uses-artificial	Pakistan uses artificial rain to battle smog for first time	https://news.sky.com/story/pakistan-uses-artificial-rain-to-battle-smog-for-first-time-13033304	original	325	No	Yes	No	No	No	No	No	No	No	Unused	No		No	No
The-Guardian_2024-05-17_UK-government-adviser	UK government adviser on disruptive protest accused of conflict of interest	https://www.theguardian.com/world/article/2024/may/17/government-adviser-on-disruptive-protest-accused-of-conflict-of-interest	original	890	Yes	No	Yes	No	No	No	No	No	No	Unused	No	Not even owe	Yes	No
Sun_2023-10-17_PROTEST-ARREST-Ecowarrior-Greta	PROTEST ARREST Eco-warrior Greta Thunberg arrested after joining protest outside conference in London	https://www.thesun.co.uk/news/24433600/greta-thunberg-arrestedprotest-conference-london/	original	179	Yes	No	Yes	No	No	No	No	No	No	Unused	Yes	Owe specific	Yes	Yes
BBC_2024-03-26_Offshore-Energies-UK-report	Offshore Energies UK report: Oil and gas fight for survival	https://www.bbc.com/news/uk-scotland-scotland-business-68668648	original	1249	Yes	No	Yes	No	No	No	No	No	No	Unused	No	Not even owe	Yes	No
The-Guardian_2025-08-15_Palestine-Action-prosecutions-should	Palestine Action prosecutions should be suspended, say UK rights groups	https://www.theguardian.com/world/2025/aug/15/palestine-action-prosecutions-should-be-suspended-uk-rights-groups	original	752	Yes	No	Yes	No	No	No	No	No	No	Unused	No	Not even owe	Yes	No
The-Guardian_2024-05-08_First-trial-of	First trial of Just Stop Oil activists under new anti-protest laws begins	https://www.theguardian.com/uk-news/article/2024/may/08/first-trial-of-just-stop-oil-activists-phoebe-plummer-chiara-sarti-daniel-hall-anti-protest-laws-begins	original	301	Yes	No	Yes	No	No	No	No	No	No	Unused	Yes	Owe specific	Yes	Yes
BBC_2024-04-18_Scrapped-climate-target-is	Scrapped climate target is global embarrassment - charities	https://www.bbc.com/news/articles/cpwgejq14pwo	original	693	No	No	No	No	No	No	No	No	No	Unused	No		No	No
The-Guardian_None_Activists-warn-of	Activists warn of ‘extreme anger’ if ministers fail to reform water regulator	https://www.theguardian.com/environment/article/2024/aug/14/activists-warn-of-extreme-anger-if-ministers-fail-to-reform-water-regulator	original	927	No	No	No	No	No	No	No	No	Yes	Unused	No		No	No
The-Guardian_2024-11-14_Cop29-solidarity-levy-on	Cop29: solidarity levy on cryptocurrency could raise billions for climate action, says report – as it happened	https://www.theguardian.com/environment/live/2024/nov/14/cop29-live-can-the-climate-summit-find-a-way-to-raise-1tn-a-year	original	4155	No	No	Yes	No	Yes	No	No	No	No	Unused	No		No	No
The-Guardian_2024-02-21_Forget-Labour-and	Forget Labour and the Tories: the ‘carbon parties’ will not save us. That’s why Just Stop Oil wants your votes	https://www.theguardian.com/commentisfree/2024/feb/21/labour-tories-carbon-parties-just-stop-oil-mps-parliament	original	820	Yes	No	No	No	No	No	No	No	No	Unused	No	Owe unspecific	Yes	No
The-Guardian_2024-05-15_UK-climate-activists	UK climate activists convicted in first trial of new anti-protest laws	https://www.theguardian.com/uk-news/article/2024/may/15/uk-climate-activists-convicted-in-first-trial-of-new-anti-protest-laws	original	625	Yes	No	Yes	No	No	No	No	No	No	Unused	Yes	Owe specific	Yes	Yes
Sun_2024-07-19_JUST-APPALLING-I-went	JUST APPALLING I went undercover to smash Just Stop Oil’s plot to halt M25 and was shocked by sinister boasts of sneering ringleaders	https://www.thesun.co.uk/news/29351268/undercover-just-stop-oil-plot-m25/	original	1417	Yes	No	Yes	No	No	No	No	No	No	Unused	Yes	Owe specific	Yes	Yes
Metro_None_My-ex-insisted-on	My ex insisted on knowing my body count – he instantly regretted it	https://metro.co.uk/2023/12/01/https-metro-co-uk-2024-01-02-ex-insisted-knowing-body-count-instantly-regretted-2-20053028-19911341/	original	1274	No	Yes	No	No	No	No	No	No	No	Unused	No		No	No
Metro_None_Love-Actually-has-aged	Love Actually has aged badly – but it was never any good to begin with	https://metro.co.uk/2023/11/14/love-actually-aged-badly-never-good-begin-19812188/	original	1178	No	Yes	Yes	No	No	No	No	No	No	Unused	No		No	No
The-Guardian_2024-09-21_Retired-priest-speaks	Retired priest speaks of ‘painful’ treatment by church over her climate protests	https://www.theguardian.com/environment/2024/sep/21/retired-priest-painful-treatment-church-climate-protests	original	698	Yes	No	Yes	No	No	No	No	No	No	Unused	No	Owe specific	Yes	Yes
The-Guardian_2024-09-23_Pessimism-is-a	‘Pessimism is a luxury we can’t afford’: Kumi Naidoo on fighting fossil fuels with art and culture	https://www.theguardian.com/us-news/2024/sep/23/kumi-naidoo-fossil-fuels-activism-art-culture	original	1871	No	No	Yes	No	No	No	No	No	No	Unused	No		No	No
Sky_2024-07-25_Just-Stop-Oil	Just Stop Oil activists found guilty after throwing soup over Van Gogh's Sunflowers	https://news.sky.com/story/just-stop-oil-activists-found-guilty-of-criminal-damage-after-throwing-soup-over-van-goghs-sunflowers-13184835	original	333	Yes	No	Yes	No	No	No	No	No	No	Unused	Yes	Owe specific	Yes	Yes
Metro_None_I-will-spend-every	I will spend every day of the rest of my life worried about my cancer coming back	https://metro.co.uk/2023/10/29/there-is-no-such-thing-as-the-all-clear-after-breast-cancer-19694221/	original	1423	No	Yes	No	No	No	No	No	No	No	Unused	No		No	No
The-Guardian_2024-01-27_Greta-Thunberg-joins	Greta Thunberg joins protest against expansion of Hampshire airport	https://www.theguardian.com/environment/2024/jan/27/greta-thunberg-joins-protest-against-expansion-of-hampshire-airport	original	456	No	No	Yes	No	No	No	No	No	Yes	Unused	Yes		No	No
The-Guardian_2024-11-07_It-can-lead-to	‘It can lead to chaos’: false claims and hoaxes surge as Spain’s floods recede	https://www.theguardian.com/world/2024/nov/07/it-can-lead-to-chaos-false-claims-and-hoaxes-surge-as-spains-floods-recede	original	897	No	Yes	No	No	No	No	No	No	No	Unused	No		No	No
The-Guardian_None_I-had-to	‘I had to find a way to survive’: ultrarunner Sabrina Pace-Humphreys on racing, racism and learning to love the outdoors	https://www.theguardian.com/lifeandstyle/2023/dec/24/i-had-to-find-a-way-to-survive-sabrina-pace-humphreys-on-race-and-trail-running	original	1695	No	Yes	No	No	No	No	No	No	No	Unused	No		No	No
The-Guardian_2024-10-22_New-commission-may-ban	New commission may ban English water companies from making a profit	https://www.theguardian.com/environment/2024/oct/22/new-commission-may-ban-england-water-companies-from-making-a-profit	original	1003	No	No	No	No	No	No	No	No	No	Unused	No		No	No
The-Guardian_2024-08-25_Police-acting-as	Police acting as ‘private security’ for Drax power station, say climate activists	https://www.theguardian.com/business/article/2024/aug/25/police-acting-as-private-security-for-drax-power-station-say-climate-activists	original	941	Yes	No	Yes	No	No	No	No	No	No	Unused	Yes	Not even owe	Yes	No
The-Guardian_None_Record-number-of-electric	Record number of electric cars were sold in UK during 2024	https://www.theguardian.com/business/2025/jan/04/record-number-of-electric-cars-were-sold-in-uk-during-2024	original	695	No	No	No	No	No	No	No	No	No	Unused	No		No	No
The-Guardian_2025-02-11_BP-chief-says-it	BP chief says it will ‘fundamentally reset’ amid threat of activist investor	https://www.theguardian.com/business/2025/feb/11/bp-chief-profits-murray-auchincloss-elliott	original	849	No	No	No	No	No	No	No	No	No	Unused	No		No	No
Sun_2024-06-08_ECO-WAR-We-were	ECO WAR We were shot at like in a James Bond movie, says Greenpeace activist in new BBC documentary about oil rig mission	https://www.thesun.co.uk/tv/28380624/bbc-two-documentary-on-thin-ice-putin-greenpeace/	original	1403	Yes	No	Yes	No	No	No	No	No	No	Unused	Yes	Owe specific	Yes	Yes
Sky_2024-06-29_Third-person-arrested	Third person arrested after Stonehenge sprayed with orange paint powder	https://news.sky.com/story/third-person-arrested-after-stonehenge-sprayed-with-orange-paint-powder-13160830	original	309	Yes	No	Yes	No	No	No	No	No	No	Unused	Yes	Owe specific	Yes	Yes
The-Guardian_2024-11-26_How-the-battle-of	How the battle of Claremont Road changed the world: ‘The whole of alternative London turned up’	https://www.theguardian.com/environment/2024/nov/26/how-the-battle-of-claremont-road-changed-the-world-the-whole-of-alternative-london-turned-up	original	2355	Yes	No	Yes	No	No	No	No	No	No	Unused	Yes	Owe specific	Yes	Yes
BBC_2024-04-22_Who-is-the-Britain	Who is the Britain First candidate Nick Scanlon?	https://www.bbc.com/news/articles/cx8qxvr3y1ro	original	244	Yes	No	Yes	No	No	No	No	No	No	Unused	No	Not even owe	Yes	No
BBC_2024-04-18_GP-could-be-struck	GP could be struck off after Just Stop Oil protest	https://www.bbc.com/news/articles/cv20p4e1zy5o	original	466	Yes	No	Yes	No	No	No	No	No	No	Unused	Yes	Owe specific	Yes	Yes
Sky_2023-11-08_Pet-monkey-put	Pet monkey put down on medical advice after mistreatment	https://news.sky.com/story/pet-monkey-put-down-on-medical-advice-after-mistreatment-13003256	original	337	No	Yes	No	No	No	No	No	No	No	Unused	No		No	No
Metro_None_Penis-size-does-matter	Penis size does matter – but not in the way you think	https://metro.co.uk/2023/11/17/penis-size-matter-not-way-think-19839333/	original	1336	No	Yes	No	No	No	No	No	No	No	Unused	No		No	No
Mirror_2024-06-20_Just-Stop-Oil-protestors	Just Stop Oil protestors storm airfield 'used by Taylor Swift' and cover planes in orange paint	https://www.mirror.co.uk/news/uk-news/breaking-just-stop-oil-protestors-33064247	original	657	Yes	No	Yes	No	No	No	No	No	No	Unused	Yes	Owe specific	Yes	Yes
Metro_None_I-havent-seen-my	I haven’t seen my kids in 11 years after my wife took them home with her	https://metro.co.uk/2023/11/15/best-dad-kids-taken-halfway-across-world-19825788/	original	1362	No	Yes	No	No	No	No	No	No	No	Unused	No		No	No
Metro_None_I-was-in-a	I was in a Channel 4 documentary – what happened next broke my heart	https://metro.co.uk/2023/11/05/i-was-in-a-channel-4-documentary-what-happened-next-broke-my-heart-19761264/	original	1699	No	Yes	No	No	No	No	No	No	No	Unused	No		No	No
BBC_2025-04-26_Anger-flares-at-Just	Anger flares at Just Stop Oil 'last day of action'	https://www.bbc.com/news/articles/cn7xpxp6xxmo	original	386	Yes	No	Yes	No	No	No	No	No	No	Unused	Yes	Owe specific	Yes	Yes
